Time;Type;Volume;Symbol;Price;S/L;T/P;Time;Price;Commission;Swap;Profit;Comment
2026.02.06 22:33:11;Sell;0.01;XAUUSD;4 941.14;4 939.87;;2026.02.06 22:36:31;4 940.11;-0.10;;1.40;[sl]
2026.02.06 22:35:56;Sell Stop;0.01;XAUUSD;4 939.65;4 941.15;;2026.02.06 22:36:02;4 941.70;;;;cancelled
2026.02.06 22:17:01;Sell;0.01;XAUUSD;4 946.76;4 949.18;;2026.02.06 22:17:17;4 949.35;-0.10;;-3.53;[sl]
2026.02.06 20:24:34;Sell;0.01;XAUUSD;4 947.00;4 946.48;;2026.02.06 20:24:40;4 947.24;-0.10;;-0.32;[sl]
2026.02.06 19:30:30;Buy;0.01;XAUUSD;4 963.55;4 965.77;;2026.02.06 19:30:48;4 965.60;-0.10;;2.80;[sl]
2026.02.06 19:10:00;Buy Stop;0.01;XAUUSD;4 960.94;4 959.44;;2026.02.06 19:10:45;4 958.91;;;;cancelled
2026.02.06 19:05:00;Buy Stop;0.01;XAUUSD;4 959.79;4 958.29;;2026.02.06 19:05:14;4 957.24;;;;cancelled
2026.02.06 19:00:44;Buy;0.01;XAUUSD;4 955.45;4 953.81;;2026.02.06 19:01:10;4 953.75;-0.10;;-2.32;[sl]
2026.02.06 18:26:07;Sell;0.01;XAUUSD;4 923.88;4 923.51;;2026.02.06 18:26:09;4 923.52;-0.10;;0.49;[sl]
2026.02.06 16:57:51;Buy;0.01;XAUUSD;4 949.39;4 947.04;;2026.02.06 16:57:58;4 946.84;-0.10;;-3.47;[sl]
2026.02.06 16:37:22;Buy Stop;0.01;XAUUSD;4 940.08;4 938.58;;2026.02.06 16:37:22;4 938.30;;;;cancelled
2026.02.06 16:25:00;Sell Stop;0.01;XAUUSD;4 901.44;4 902.94;;2026.02.06 16:25:01;4 903.58;;;;cancelled
2026.02.06 15:24:31;Buy;0.01;XAUUSD;4 928.06;4 926.45;;2026.02.06 15:25:05;4 925.87;-0.10;;-2.99;[sl]
2026.02.06 15:05:00;Buy Stop;0.01;XAUUSD;4 926.98;4 925.48;;2026.02.06 15:05:09;4 924.72;;;;cancelled
2026.02.06 15:00:03;Buy Stop;0.01;XAUUSD;4 905.14;4 903.62;;2026.02.06 15:00:03;4 901.64;;;;cancelled
2026.02.06 14:06:22;Buy Stop;0.01;XAUUSD;4 896.84;4 895.34;;2026.02.06 14:06:25;4 894.22;;;;cancelled
2026.02.06 13:56:17;Buy;0.02;XAUUSD;4 895.61;4 894.01;;2026.02.06 13:56:46;4 893.39;-0.19;;-6.07;[sl]
2026.02.06 13:26:39;Buy Stop;0.02;XAUUSD;4 894.87;4 893.37;;2026.02.06 13:27:02;4 892.22;;;;cancelled
2026.02.06 13:23:01;Buy;0.02;XAUUSD;4 889.50;4 889.97;;2026.02.06 13:23:18;4 889.33;-0.19;;-0.46;[sl]
2026.02.06 13:00:19;Buy;0.02;XAUUSD;4 881.39;4 882.06;;2026.02.06 13:00:52;4 881.09;-0.19;;-0.82;[sl]
2026.02.06 12:54:47;Buy;0.02;XAUUSD;4 880.11;4 878.56;;2026.02.06 12:54:48;4 878.08;-0.19;;-5.56;[sl]
2026.02.06 12:44:31;Buy Stop;0.02;XAUUSD;4 879.22;4 877.72;;2026.02.06 12:44:40;4 875.36;;;;cancelled
2026.02.06 12:07:34;Buy Stop;0.02;XAUUSD;4 877.36;4 875.86;;2026.02.06 12:07:39;4 875.18;;;;cancelled
2026.02.06 10:35:00;Buy Stop;0.02;XAUUSD;4 882.62;4 881.12;;2026.02.06 10:35:11;4 880.37;;;;cancelled
2026.02.06 10:31:09;Buy;0.02;XAUUSD;4 876.39;4 874.80;;2026.02.06 10:31:15;4 874.52;-0.19;;-5.12;[sl]
2026.02.06 10:25:10;Buy;0.02;XAUUSD;4 870.01;4 873.53;;2026.02.06 10:25:52;4 873.46;-0.19;;9.44;[sl]
2026.02.06 10:20:45;Buy;0.02;XAUUSD;4 864.69;4 865.11;;2026.02.06 10:20:53;4 865.02;-0.19;;0.91;[sl]
2026.02.05 22:55:01;Sell;0.02;XAUUSD;4 798.80;4 798.73;;2026.02.05 22:55:02;4 799.55;-0.19;;-2.06;[sl]
2026.02.05 22:50:42;Sell Stop;0.02;XAUUSD;4 802.43;4 803.93;;2026.02.05 22:50:49;4 804.52;;;;cancelled
2026.02.05 22:48:20;Sell;0.02;XAUUSD;4 805.52;4 805.15;;2026.02.05 22:48:36;4 805.53;-0.19;;-0.03;[sl]
2026.02.05 22:40:10;Sell Stop;0.02;XAUUSD;4 806.99;4 808.49;;2026.02.05 22:40:14;4 809.00;;;;cancelled
2026.02.05 22:38:36;Sell Stop;0.02;XAUUSD;4 809.43;4 810.93;;2026.02.05 22:38:39;4 811.70;;;;cancelled
2026.02.05 22:23:29;Sell;0.02;XAUUSD;4 811.80;4 811.68;;2026.02.05 22:23:34;4 811.73;-0.19;;0.19;[sl]
2026.02.05 22:00:25;Sell;0.01;XAUUSD;4 822.29;4 815.92;;2026.02.05 22:00:58;4 816.47;-0.10;;7.97;[sl]
2026.02.05 21:53:21;Sell;0.01;XAUUSD;4 827.28;4 825.91;;2026.02.05 21:53:46;4 826.07;-0.10;;1.65;[sl]
2026.02.05 21:41:45;Sell Stop;0.01;XAUUSD;4 827.86;4 829.36;;2026.02.05 21:41:46;4 830.08;;;;cancelled
2026.02.05 21:30:09;Sell;0.01;XAUUSD;4 840.40;4 840.33;;2026.02.05 21:30:10;4 840.91;-0.10;;-0.70;[sl]
2026.02.05 21:05:10;Sell;0.01;XAUUSD;4 848.92;4 845.85;;2026.02.05 21:05:29;4 846.07;-0.10;;3.90;[sl]
2026.02.05 20:58:26;Sell Stop;0.01;XAUUSD;4 850.37;4 851.87;;2026.02.05 20:58:27;4 852.90;;;;cancelled
2026.02.05 20:16:35;Sell;0.01;XAUUSD;4 853.64;4 852.87;;2026.02.05 20:16:40;4 853.63;-0.10;;0.01;[sl]
2026.02.05 20:10:37;Sell;0.01;XAUUSD;4 857.56;4 859.28;;2026.02.05 20:10:42;4 859.65;-0.10;;-2.86;[sl]
2026.02.05 18:50:01;Buy;0.01;XAUUSD;4 887.74;4 898.31;;2026.02.05 18:50:43;4 898.08;-0.10;;14.14;[sl]
2026.02.05 18:45:02;Buy;0.01;XAUUSD;4 881.44;4 881.96;;2026.02.05 18:45:11;4 880.45;-0.10;;-1.35;[sl]
2026.02.05 18:42:14;Buy Stop;0.01;XAUUSD;4 865.49;4 863.99;;2026.02.05 18:42:19;4 863.33;;;;cancelled
2026.02.05 18:38:33;Buy;0.01;XAUUSD;4 859.76;4 860.83;;2026.02.05 18:38:40;4 860.78;-0.10;;1.39;[sl]
2026.02.05 17:46:04;Sell;0.01;XAUUSD;4 804.99;4 804.72;;2026.02.05 17:46:10;4 805.26;-0.10;;-0.37;[sl]
2026.02.05 16:51:28;Buy Stop;0.01;XAUUSD;4 869.20;4 867.70;;2026.02.05 16:51:32;4 866.24;;;;cancelled
2026.02.05 16:33:10;Sell;0.01;XAUUSD;4 808.40;4 807.58;;2026.02.05 16:33:14;4 807.66;-0.10;;1.02;[sl]
2026.02.05 14:25:32;Sell;0.01;XAUUSD;4 814.62;4 811.55;;2026.02.05 14:25:51;4 811.75;-0.10;;3.93;[sl]
2026.02.05 14:20:00;Sell;0.01;XAUUSD;4 818.74;4 820.50;;2026.02.05 14:20:06;4 820.50;-0.10;;-2.41;[sl]
2026.02.05 14:17:01;Sell Stop;0.01;XAUUSD;4 832.50;4 834.00;;2026.02.05 14:17:03;4 834.54;;;;cancelled
2026.02.05 14:10:14;Sell Stop;0.01;XAUUSD;4 847.41;4 848.91;;2026.02.05 14:10:15;4 849.44;;;;cancelled
2026.02.05 14:05:56;Sell;0.01;XAUUSD;4 859.26;4 861.22;;2026.02.05 14:05:58;4 861.39;-0.10;;-2.92;[sl]
2026.02.05 13:23:12;Buy;0.01;XAUUSD;4 892.57;4 893.49;;2026.02.05 13:23:21;4 893.46;-0.10;;1.22;[sl]
2026.02.05 13:15:02;Buy;0.01;XAUUSD;4 890.05;4 888.71;;2026.02.05 13:15:05;4 887.40;-0.10;;-3.63;[sl]
2026.02.05 13:10:12;Buy Stop;0.01;XAUUSD;4 887.85;4 886.35;;2026.02.05 13:10:33;4 885.23;;;;cancelled
2026.02.05 12:28:16;Sell Stop;0.01;XAUUSD;4 846.56;4 848.06;;2026.02.05 12:28:16;4 848.74;;;;cancelled
2026.02.05 11:56:12;Sell Stop;0.01;XAUUSD;4 850.64;4 852.14;;2026.02.05 11:56:14;4 852.68;;;;cancelled
2026.02.05 11:20:56;Sell;0.01;XAUUSD;4 860.04;4 859.67;;2026.02.05 11:20:57;4 860.33;-0.10;;-0.40;[sl]
2026.02.05 11:11:18;Sell;0.01;XAUUSD;4 872.34;4 868.67;;2026.02.05 11:11:34;4 870.15;-0.10;;3.00;[sl]
2026.02.05 11:05:17;Sell Stop;0.01;XAUUSD;4 880.18;4 881.68;;2026.02.05 11:05:18;4 882.19;;;;cancelled
2026.02.05 11:01:59;Sell;0.01;XAUUSD;4 893.82;4 893.05;;2026.02.05 11:02:02;4 893.43;-0.10;;0.53;[sl]
2026.02.05 10:15:02;Buy Stop;0.01;XAUUSD;4 943.73;4 942.23;;2026.02.05 10:15:08;4 941.25;;;;cancelled
2026.02.05 10:13:02;Buy Stop;0.01;XAUUSD;4 942.18;4 940.68;;2026.02.05 10:13:03;4 939.84;;;;cancelled
2026.02.04 22:30:44;Sell;0.01;XAUUSD;4 916.04;4 915.97;;2026.02.04 22:30:47;4 916.19;-0.10;;-0.20;[sl]
2026.02.04 21:52:30;Buy Stop;0.01;XAUUSD;4 951.94;4 950.44;;2026.02.04 21:52:33;4 949.65;;;;cancelled
2026.02.04 21:47:17;Buy Stop;0.01;XAUUSD;4 951.53;4 950.03;;2026.02.04 21:47:20;4 949.51;;;;cancelled
2026.02.04 21:15:09;Buy Stop;0.01;XAUUSD;4 948.20;4 946.70;;2026.02.04 21:15:10;4 946.19;;;;cancelled
2026.02.04 21:11:09;Buy Stop;0.01;XAUUSD;4 942.61;4 941.11;;2026.02.04 21:11:27;4 940.35;;;;cancelled
2026.02.04 21:08:22;Buy;0.01;XAUUSD;4 939.05;4 940.62;;2026.02.04 21:08:57;4 940.55;-0.10;;2.05;[sl]
2026.02.04 20:28:03;Buy;0.01;XAUUSD;4 932.81;4 932.98;;2026.02.04 20:28:08;4 932.52;-0.10;;-0.40;[sl]
2026.02.04 18:46:39;Sell Stop;0.01;XAUUSD;4 886.56;4 888.06;;2026.02.04 18:46:40;4 889.41;;;;cancelled
2026.02.04 17:35:44;Sell Stop;0.01;XAUUSD;4 913.87;4 915.37;;2026.02.04 17:35:45;4 916.68;;;;cancelled
2026.02.04 17:31:09;Sell;0.01;XAUUSD;4 947.98;4 939.96;;2026.02.04 17:31:42;4 940.66;-0.10;;10.00;[sl]
2026.02.04 17:28:50;Sell Stop;0.01;XAUUSD;4 950.40;4 951.90;;2026.02.04 17:28:51;4 953.06;;;;cancelled
2026.02.04 17:22:42;Sell;0.01;XAUUSD;4 960.12;4 955.25;;2026.02.04 17:23:00;4 955.40;-0.10;;6.45;[sl]
2026.02.04 15:56:07;Buy Stop;0.01;XAUUSD;5 064.46;5 062.96;;2026.02.04 15:56:08;5 062.19;;;;cancelled
2026.02.04 15:54:51;Buy Stop;0.01;XAUUSD;5 064.44;5 062.94;;2026.02.04 15:54:59;5 062.31;;;;cancelled
2026.02.04 14:35:01;Buy Stop;0.01;XAUUSD;5 064.26;5 062.76;;2026.02.04 14:35:02;5 062.13;;;;cancelled
2026.02.04 14:32:25;Buy;0.01;XAUUSD;5 056.52;5 055.02;;2026.02.04 14:32:39;5 054.61;-0.10;;-2.61;[sl]
2026.02.04 13:15:55;Sell;0.01;XAUUSD;5 040.44;5 018.42;;2026.02.04 13:17:42;5 019.05;-0.10;;29.24;[sl]
2026.02.04 12:28:12;Sell Stop;0.01;XAUUSD;5 041.10;5 042.60;;2026.02.04 12:28:21;5 043.22;;;;cancelled
2026.02.04 11:30:40;Sell Stop;0.01;XAUUSD;5 052.55;5 054.05;;2026.02.04 11:30:42;5 054.57;;;;cancelled
2026.02.04 11:15:15;Sell Stop;0.01;XAUUSD;5 066.55;5 068.05;;2026.02.04 11:15:18;5 068.60;;;;cancelled
2026.02.04 10:01:00;Buy Stop;0.01;XAUUSD;5 092.73;5 091.23;;2026.02.04 10:01:20;5 090.63;;;;cancelled
2026.02.03 22:42:55;Buy Stop;0.01;XAUUSD;4 957.97;4 956.47;;2026.02.03 22:42:55;4 955.35;;;;cancelled
2026.02.03 22:35:49;Buy Stop;0.01;XAUUSD;4 956.99;4 955.49;;2026.02.03 22:36:03;4 954.96;;;;cancelled
2026.02.03 22:34:35;Buy;0.01;XAUUSD;4 951.19;4 951.31;;2026.02.03 22:34:37;4 951.16;-0.10;;-0.05;[sl]
2026.02.03 21:41:13;Buy Stop;0.01;XAUUSD;4 946.77;4 945.27;;2026.02.03 21:41:25;4 944.43;;;;cancelled
2026.02.03 21:06:24;Sell;0.01;XAUUSD;4 882.98;4 884.96;;2026.02.03 21:06:32;4 885.05;-0.10;;-2.83;[sl]
2026.02.03 21:04:23;Sell Stop;0.01;XAUUSD;4 884.29;4 885.79;;2026.02.03 21:04:34;4 886.47;;;;cancelled
2026.02.03 20:32:30;Sell;0.01;XAUUSD;4 899.34;4 889.67;;2026.02.03 20:33:06;4 890.47;-0.10;;12.11;[sl]
2026.02.03 20:29:38;Sell;0.01;XAUUSD;4 906.08;4 906.01;;2026.02.03 20:29:39;4 906.15;-0.10;;-0.10;[sl]
2026.02.02 21:50:01;Buy Stop;0.01;XAUUSD;4 711.31;4 709.81;;2026.02.02 21:50:01;4 708.11;;;;cancelled
2026.02.02 21:45:07;Buy Stop;0.01;XAUUSD;4 702.79;4 701.29;;2026.02.02 21:45:08;4 700.58;;;;cancelled
2026.02.02 21:40:14;Buy;0.01;XAUUSD;4 676.30;4 677.45;;2026.02.02 21:40:18;4 677.34;-0.10;;1.43;[sl]
2026.02.02 20:15:03;Sell Stop;0.01;XAUUSD;4 632.32;4 633.82;;2026.02.02 20:15:03;4 634.58;;;;cancelled
2026.02.02 20:13:06;Sell Stop;0.01;XAUUSD;4 646.82;4 648.32;;2026.02.02 20:13:06;4 649.22;;;;cancelled
2026.02.02 20:02:23;Sell Stop;0.01;XAUUSD;4 648.56;4 650.06;;2026.02.02 20:02:29;4 650.69;;;;cancelled
2026.02.02 19:09:09;Buy;0.01;XAUUSD;4 709.99;4 710.84;;2026.02.02 19:09:12;4 711.36;-0.10;;1.87;[sl]
2026.02.02 18:00:28;Sell;0.01;XAUUSD;4 615.40;4 614.85;;2026.02.02 18:00:31;4 615.24;-0.10;;0.22;[sl]
2026.02.02 17:57:35;Sell;0.01;XAUUSD;4 625.60;4 624.95;;2026.02.02 17:57:37;4 625.64;-0.10;;-0.06;[sl]
2026.02.02 17:51:32;Sell Stop;0.01;XAUUSD;4 648.18;4 649.68;;2026.02.02 17:51:33;4 651.32;;;;cancelled
2026.02.02 17:30:07;Sell;0.01;XAUUSD;4 670.76;4 659.91;;2026.02.02 17:30:49;4 661.12;-0.10;;13.17;[sl]
2026.02.02 17:28:30;Sell;0.01;XAUUSD;4 675.60;4 675.20;;2026.02.02 17:28:33;4 675.38;-0.10;;0.30;[sl]
2026.02.02 15:40:47;Sell;0.01;XAUUSD;4 681.24;4 682.74;;2026.02.02 15:40:48;4 683.97;-0.10;;-3.73;[sl]
2026.02.02 15:36:33;Sell;0.01;XAUUSD;4 698.04;4 700.08;;2026.02.02 15:36:38;4 701.04;-0.10;;-4.10;[sl]
2026.02.02 15:31:59;Sell;0.01;XAUUSD;4 716.07;4 718.10;;2026.02.02 15:32:00;4 718.12;-0.10;;-2.80;[sl]
2026.02.02 15:01:46;Sell;0.01;XAUUSD;4 738.64;4 738.34;;2026.02.02 15:01:49;4 738.56;-0.10;;0.11;[sl]
2026.02.02 14:45:00;Buy Stop;0.01;XAUUSD;4 799.03;4 797.53;;2026.02.02 14:45:02;4 797.03;;;;cancelled
2026.02.02 14:43:21;Buy;0.01;XAUUSD;4 794.76;4 796.01;;2026.02.02 14:44:46;4 796.00;-0.10;;1.69;[sl]
2026.02.02 14:23:05;Buy;0.01;XAUUSD;4 782.98;4 781.30;;2026.02.02 14:23:10;4 781.24;-0.10;;-2.38;[sl]
2026.02.02 13:40:17;Buy;0.01;XAUUSD;4 776.15;4 777.05;;2026.02.02 13:40:24;4 776.58;-0.10;;0.59;[sl]
2026.02.02 13:36:28;Buy Stop;0.01;XAUUSD;4 765.01;4 763.51;;2026.02.02 13:36:33;4 761.21;;;;cancelled
2026.02.02 13:30:55;Buy Stop;0.01;XAUUSD;4 761.47;4 759.97;;2026.02.02 13:31:00;4 758.93;;;;cancelled
2026.02.02 13:29:40;Buy;0.01;XAUUSD;4 760.01;4 758.93;;2026.02.02 13:29:48;4 758.84;-0.10;;-1.59;[sl]
2026.02.02 13:21:55;Buy Stop;0.01;XAUUSD;4 757.71;4 756.21;;2026.02.02 13:21:56;4 755.45;;;;cancelled
2026.02.02 13:15:04;Buy;0.01;XAUUSD;4 750.67;4 752.82;;2026.02.02 13:15:17;4 752.17;-0.10;;2.05;[sl]
2026.02.02 13:13:22;Buy;0.01;XAUUSD;4 735.18;4 738.58;;2026.02.02 13:13:39;4 738.40;-0.10;;4.39;[sl]
2026.02.02 12:02:36;Buy;0.01;XAUUSD;4 732.37;4 730.66;;2026.02.02 12:02:40;4 730.56;-0.10;;-2.47;[sl]
2026.02.02 11:12:01;Buy;0.01;XAUUSD;4 655.57;4 651.39;;2026.02.02 11:12:04;4 651.20;-0.10;;-5.97;[sl]
2026.02.02 10:51:15;Buy Stop;0.01;XAUUSD;4 651.42;4 649.91;;2026.02.02 10:51:17;4 649.36;;;;cancelled
2026.02.02 10:30:02;Buy Stop;0.01;XAUUSD;4 650.22;4 648.72;;2026.02.02 10:30:06;4 647.29;;;;cancelled
2026.02.02 10:20:15;Buy;0.01;XAUUSD;4 634.53;4 635.33;;2026.02.02 10:20:21;4 634.17;-0.10;;-0.49;[sl]
2026.02.02 10:19:48;Buy Stop;0.01;XAUUSD;4 630.61;4 629.11;;2026.02.02 10:19:48;4 627.83;;;;cancelled
2026.02.02 10:10:40;Buy;0.01;XAUUSD;4 626.74;4 625.23;;2026.02.02 10:10:43;4 624.90;-0.10;;-2.51;[sl]
2026.02.02 10:09:21;Buy;0.01;XAUUSD;4 620.39;4 622.34;;2026.02.02 10:09:31;4 618.11;-0.10;;-3.11;[sl]
2026.02.02 09:45:32;Buy Stop;0.01;XAUUSD;4 592.87;4 591.37;;2026.02.02 09:45:33;4 590.78;;;;cancelled
2026.02.02 09:40:37;Buy;0.01;XAUUSD;4 576.59;4 577.09;;2026.02.02 09:40:47;4 576.54;-0.10;;-0.07;[sl]
2026.02.02 09:25:40;Buy;0.01;XAUUSD;4 568.27;4 570.07;;2026.02.02 09:25:57;4 569.35;-0.10;;1.48;[sl]
2026.02.02 08:37:54;Sell Stop;0.01;XAUUSD;4 430.49;4 431.99;;2026.02.02 08:37:56;4 434.10;;;;cancelled
2026.02.02 08:25:28;Sell;0.01;XAUUSD;4 461.78;4 460.63;;2026.02.02 08:25:32;4 461.16;-0.10;;0.85;[sl]
2026.02.02 08:21:05;Sell Stop;0.01;XAUUSD;4 496.95;4 498.45;;2026.02.02 08:21:08;4 500.32;;;;cancelled
2026.02.02 07:52:08;Sell;0.01;XAUUSD;4 523.36;4 521.96;;2026.02.02 07:52:13;4 523.57;-0.10;;-0.28;[sl]
2026.02.02 07:45:22;Sell;0.01;XAUUSD;4 570.29;4 569.74;;2026.02.02 07:45:25;4 569.92;-0.10;;0.51;[sl]
2026.02.02 07:40:21;Sell Stop;0.01;XAUUSD;4 603.24;4 604.74;;2026.02.02 07:40:24;4 605.28;;;;cancelled
2026.02.02 07:36:42;Sell Stop;0.01;XAUUSD;4 618.15;4 619.65;;2026.02.02 07:36:43;4 621.27;;;;cancelled
2026.02.02 07:31:18;Sell;0.01;XAUUSD;4 631.70;4 631.40;;2026.02.02 07:31:20;4 631.38;-0.10;;0.44;[sl]
2026.02.02 06:05:01;Sell;0.01;XAUUSD;4 606.91;4 608.85;;2026.02.02 06:05:03;4 609.19;-0.10;;-3.11;[sl]
2026.02.02 06:01:41;Sell;0.01;XAUUSD;4 628.02;4 627.67;;2026.02.02 06:01:42;4 627.67;-0.10;;0.48;[sl]
2026.02.02 05:40:19;Sell Stop;0.01;XAUUSD;4 644.88;4 646.38;;2026.02.02 05:40:20;4 647.30;;;;cancelled
2026.02.02 05:35:54;Sell Stop;0.01;XAUUSD;4 661.20;4 662.70;;2026.02.02 05:35:55;4 663.75;;;;cancelled
2026.02.02 05:15:11;Sell Stop;0.01;XAUUSD;4 689.45;4 690.95;;2026.02.02 05:15:13;4 691.53;;;;cancelled
2026.02.02 05:14:28;Sell Stop;0.01;XAUUSD;4 695.18;4 696.68;;2026.02.02 05:14:29;4 697.54;;;;cancelled
2026.02.02 04:42:56;Buy;0.01;XAUUSD;4 773.07;4 771.32;;2026.02.02 04:42:59;4 767.14;-0.10;;-8.08;[sl]
2026.02.02 04:32:02;Buy;0.01;XAUUSD;4 755.82;4 756.12;;2026.02.02 04:32:03;4 756.04;-0.10;;0.30;[sl]
2026.02.02 03:07:36;Sell;0.01;XAUUSD;4 716.24;4 715.84;;2026.02.02 03:07:42;4 716.16;-0.10;;0.11;[sl]
2026.02.02 02:21:34;Buy;0.01;XAUUSD;4 876.78;4 877.23;;2026.02.02 02:21:40;4 877.01;-0.10;;0.32;[sl]
2026.01.30 18:51:23;Sell;0.01;XAUUSD;4 957.08;4 959.86;;2026.01.30 18:51:28;4 960.74;-0.10;;-4.97;[sl]
2026.01.30 18:35:04;Sell;0.01;XAUUSD;4 982.02;4 984.04;;2026.01.30 18:35:05;4 984.38;-0.10;;-3.21;[sl]
2026.01.30 18:34:24;Sell Stop;0.01;XAUUSD;4 987.65;4 989.15;;2026.01.30 18:34:27;4 990.53;;;;cancelled
2026.01.30 17:05:04;Sell Stop;0.01;XAUUSD;4 979.94;4 981.44;;2026.01.30 17:05:05;4 982.19;;;;cancelled
2026.01.30 17:01:26;Sell Stop;0.01;XAUUSD;4 988.78;4 990.28;;2026.01.30 17:01:30;4 991.64;;;;cancelled
2026.01.30 16:33:06;Buy;0.01;XAUUSD;5 095.95;5 093.99;;2026.01.30 16:33:07;5 093.64;-0.10;;-3.13;[sl]
2026.01.30 15:50:02;Sell Stop;0.01;XAUUSD;4 993.58;4 995.08;;2026.01.30 15:50:07;4 995.88;;;;cancelled
2026.01.30 15:47:57;Sell;0.01;XAUUSD;5 009.06;5 007.96;;2026.01.30 15:48:01;5 008.79;-0.10;;0.37;[sl]
2026.01.30 14:01:02;Buy;0.01;XAUUSD;5 145.84;5 144.39;;2026.01.30 14:01:03;5 144.20;-0.10;;-2.22;[sl]
2026.01.30 13:57:03;Buy;0.01;XAUUSD;5 140.48;5 140.88;;2026.01.30 13:57:17;5 140.82;-0.10;;0.46;[sl]
2026.01.30 13:41:39;Buy;0.01;XAUUSD;5 134.75;5 133.29;;2026.01.30 13:41:43;5 133.18;-0.10;;-2.13;[sl]
2026.01.30 13:35:30;Buy Stop;0.01;XAUUSD;5 131.67;5 130.17;;2026.01.30 13:35:40;5 129.61;;;;cancelled
2026.01.30 13:33:35;Buy Stop;0.01;XAUUSD;5 131.37;5 129.87;;2026.01.30 13:33:48;5 129.25;;;;cancelled
2026.01.30 13:21:53;Buy Stop;0.01;XAUUSD;5 129.01;5 127.51;;2026.01.30 13:21:59;5 126.77;;;;cancelled
2026.01.30 13:15:46;Buy Stop;0.01;XAUUSD;5 128.08;5 126.58;;2026.01.30 13:15:49;5 125.75;;;;cancelled
2026.01.30 13:13:05;Buy;0.01;XAUUSD;5 125.03;5 125.38;;2026.01.30 13:13:28;5 125.38;-0.10;;0.48;[sl]
2026.01.30 12:57:49;Buy Stop;0.01;XAUUSD;5 103.88;5 102.38;;2026.01.30 12:57:51;5 101.15;;;;cancelled
2026.01.30 12:53:03;Buy;0.01;XAUUSD;5 095.51;5 096.51;;2026.01.30 12:53:07;5 096.35;-0.10;;1.14;[sl]
2026.01.30 12:47:17;Buy;0.01;XAUUSD;5 094.29;5 092.51;;2026.01.30 12:47:19;5 092.20;-0.10;;-2.82;[sl]
2026.01.30 12:41:39;Buy Stop;0.01;XAUUSD;5 085.49;5 083.99;;2026.01.30 12:41:42;5 083.47;;;;cancelled
2026.01.30 12:37:48;Buy;0.01;XAUUSD;5 079.43;5 080.18;;2026.01.30 12:37:50;5 079.11;-0.10;;-0.43;[sl]
2026.01.30 11:42:23;Sell;0.01;XAUUSD;5 012.54;5 014.12;;2026.01.30 11:42:26;5 015.03;-0.10;;-3.37;[sl]
2026.01.30 10:35:14;Sell Stop;0.01;XAUUSD;5 059.88;5 061.38;;2026.01.30 10:35:15;5 062.90;;;;cancelled
2026.01.30 10:33:18;Sell;0.01;XAUUSD;5 114.89;5 114.59;;2026.01.30 10:33:19;5 115.73;-0.10;;-1.13;[sl]
2026.01.30 09:35:50;Sell;0.01;XAUUSD;5 119.80;5 119.50;;2026.01.30 09:35:51;5 121.39;-0.10;;-2.15;[sl]
2026.01.30 08:30:00;Sell Stop;0.01;XAUUSD;5 155.70;5 157.20;;2026.01.30 08:30:01;5 157.88;;;;cancelled
2026.01.30 08:29:41;Sell Stop;0.01;XAUUSD;5 159.56;5 161.06;;2026.01.30 08:29:45;5 161.82;;;;cancelled
2026.01.30 08:16:42;Sell;0.01;XAUUSD;5 173.14;5 172.79;;2026.01.30 08:16:43;5 173.02;-0.10;;0.16;[sl]
2026.01.30 08:07:36;Sell;0.01;XAUUSD;5 175.20;5 177.16;;2026.01.30 08:07:37;5 177.22;-0.10;;-2.73;[sl]
2026.01.30 07:57:01;Sell Stop;0.01;XAUUSD;5 198.82;5 200.32;;2026.01.30 07:57:02;5 201.14;;;;cancelled
2026.01.30 07:21:36;Buy Stop;0.01;XAUUSD;5 241.76;5 240.26;;2026.01.30 07:21:41;5 239.62;;;;cancelled
2026.01.30 07:16:04;Buy Stop;0.01;XAUUSD;5 231.70;5 230.20;;2026.01.30 07:16:06;5 229.63;;;;cancelled
2026.01.30 06:20:33;Buy Stop;0.01;XAUUSD;5 231.34;5 229.84;;2026.01.30 06:20:34;5 229.34;;;;cancelled
2026.01.30 04:21:16;Sell;0.01;XAUUSD;5 138.94;5 138.82;;2026.01.30 04:21:19;5 140.66;-0.10;;-2.33;[sl]
2026.01.30 04:15:11;Sell Stop;0.01;XAUUSD;5 194.65;5 196.15;;2026.01.30 04:15:11;5 196.92;;;;cancelled
2026.01.30 04:10:03;Sell Stop;0.01;XAUUSD;5 269.83;5 271.33;;2026.01.30 04:10:05;5 271.87;;;;cancelled
2026.01.30 04:09:15;Sell;0.01;XAUUSD;5 277.77;5 275.45;;2026.01.30 04:09:26;5 275.90;-0.10;;2.53;[sl]
2026.01.30 04:00:12;Sell Stop;0.01;XAUUSD;5 290.18;5 291.68;;2026.01.30 04:00:13;5 292.26;;;;cancelled
2026.01.30 03:58:45;Sell Stop;0.01;XAUUSD;5 304.88;5 306.38;;2026.01.30 03:58:48;5 306.88;;;;cancelled
2026.01.30 03:10:00;Sell;0.01;XAUUSD;5 365.38;5 365.31;;2026.01.30 03:10:07;5 366.44;-0.10;;-1.44;[sl]
2026.01.30 03:06:45;Sell;0.01;XAUUSD;5 376.31;5 375.99;;2026.01.30 03:06:47;5 375.94;-0.10;;0.50;[sl]
2026.01.30 03:01:39;Sell;0.01;XAUUSD;5 386.26;5 385.04;;2026.01.30 03:01:47;5 385.70;-0.10;;0.76;[sl]
2026.01.30 02:47:32;Sell Stop;0.01;XAUUSD;5 390.32;5 391.82;;2026.01.30 02:47:32;5 392.39;;;;cancelled
2026.01.30 02:11:23;Buy Stop;0.01;XAUUSD;5 451.85;5 450.35;;2026.01.30 02:11:25;5 449.79;;;;cancelled
2026.01.30 02:06:34;Buy Stop;0.01;XAUUSD;5 449.63;5 448.13;;2026.01.30 02:06:42;5 447.02;;;;cancelled
2026.01.30 01:06:24;Buy Stop;0.01;XAUUSD;5 436.38;5 434.88;;2026.01.30 01:06:28;5 434.08;;;;cancelled
2026.01.29 23:25:24;Buy;0.01;XAUUSD;5 408.21;5 409.48;;2026.01.29 23:25:38;5 409.36;-0.10;;1.55;[sl]
2026.01.29 21:35:02;Sell Stop;0.01;XAUUSD;5 289.69;5 291.19;;2026.01.29 21:35:07;5 291.98;;;;cancelled
2026.01.29 21:30:46;Sell;0.01;XAUUSD;5 292.44;5 295.69;;2026.01.29 21:30:48;5 296.32;-0.10;;-5.24;[sl]
2026.01.29 21:14:32;Sell Stop;0.01;XAUUSD;5 303.39;5 304.89;;2026.01.29 21:14:32;5 308.31;;;;cancelled
2026.01.29 19:44:24;Buy Stop;0.01;XAUUSD;5 376.21;5 374.71;;2026.01.29 19:44:28;5 374.06;;;;cancelled
2026.01.29 19:37:03;Buy;0.01;XAUUSD;5 370.21;5 372.73;;2026.01.29 19:37:19;5 372.64;-0.10;;3.28;[sl]
2026.01.29 19:25:55;Buy Stop;0.01;XAUUSD;5 346.24;5 344.74;;2026.01.29 19:25:56;5 344.09;;;;cancelled
2026.01.29 19:21:36;Buy Stop;0.01;XAUUSD;5 340.74;5 339.21;;2026.01.29 19:21:38;5 338.59;;;;cancelled
2026.01.29 19:15:24;Buy;0.01;XAUUSD;5 313.25;5 318.17;;2026.01.29 19:15:43;5 317.95;-0.10;;6.35;[sl]
2026.01.29 17:36:03;Sell;0.01;XAUUSD;5 120.47;5 119.45;;2026.01.29 17:36:09;5 119.05;-0.10;;1.92;[sl]
2026.01.29 17:26:26;Sell;0.01;XAUUSD;5 279.18;5 240.16;;2026.01.29 17:30:40;5 239.56;-0.10;;53.75;[sl]
2026.01.29 17:15:14;Sell Stop;0.01;XAUUSD;5 365.75;5 367.25;;2026.01.29 17:15:15;5 368.12;;;;cancelled
2026.01.29 16:27:02;Buy Stop;0.01;XAUUSD;5 540.99;5 539.49;;2026.01.29 16:27:06;5 538.84;;;;cancelled
2026.01.29 15:35:09;Sell;0.01;XAUUSD;5 504.59;5 502.62;;2026.01.29 15:35:19;5 502.70;-0.10;;2.56;[sl]
2026.01.29 15:20:10;Sell Stop;0.01;XAUUSD;5 508.80;5 510.30;;2026.01.29 15:20:15;5 510.93;;;;cancelled
2026.01.29 14:27:00;Buy Stop;0.01;XAUUSD;5 541.72;5 540.22;;2026.01.29 14:27:05;5 539.65;;;;cancelled
2026.01.29 14:24:46;Buy Stop;0.01;XAUUSD;5 541.01;5 539.51;;2026.01.29 14:25:20;5 538.10;;;;cancelled
2026.01.29 14:16:23;Buy Stop;0.01;XAUUSD;5 540.43;5 538.93;;2026.01.29 14:16:39;5 538.34;;;;cancelled
2026.01.29 14:13:11;Buy;0.01;XAUUSD;5 530.34;5 537.96;;2026.01.29 14:14:02;5 537.94;-0.10;;10.30;[sl]
2026.01.29 13:46:04;Buy;0.01;XAUUSD;5 520.57;5 521.14;;2026.01.29 13:46:23;5 521.08;-0.10;;0.69;[sl]
2026.01.29 13:00:03;Sell Stop;0.01;XAUUSD;5 481.31;5 482.81;;2026.01.29 13:00:07;5 483.85;;;;cancelled
2026.01.29 12:56:54;Sell;0.01;XAUUSD;5 495.88;5 487.26;;2026.01.29 12:57:39;5 487.52;-0.10;;11.33;[sl]
2026.01.29 12:31:27;Sell;0.01;XAUUSD;5 498.36;5 500.56;;2026.01.29 12:31:34;5 500.92;-0.10;;-3.47;[sl]
2026.01.29 10:45:22;Sell;0.01;XAUUSD;5 474.68;5 476.28;;2026.01.29 10:45:26;5 477.31;-0.10;;-3.56;[sl]
2026.01.29 10:40:23;Sell Stop;0.01;XAUUSD;5 510.52;5 512.02;;2026.01.29 10:40:26;5 513.40;;;;cancelled
2026.01.29 10:39:57;Sell;0.01;XAUUSD;5 514.12;5 513.60;;2026.01.29 10:40:00;5 513.95;-0.10;;0.22;[sl]
2026.01.29 10:31:17;Sell;0.01;XAUUSD;5 521.90;5 521.53;;2026.01.29 10:31:21;5 521.81;-0.10;;0.12;[sl]
2026.01.29 10:10:27;Buy;1.00;DE40;24 648.00;24 641.00;;2026.01.29 10:10:31;24 652.00;;;6.48;
2026.01.29 10:09:37;Sell Stop;1.00;DE40;24 623.00;24 629.00;;2026.01.29 10:10:02;24 634.00;;;;cancelled
2026.01.29 10:09:36;Sell Stop;1.00;DE40;24 622.00;24 628.00;;2026.01.29 10:09:37;24 627.00;;;;cancelled
2026.01.29 10:09:28;Sell Stop;1.00;DE40;24 622.00;24 628.00;;2026.01.29 10:09:36;24 626.00;;;;cancelled
2026.01.29 10:09:27;Sell Stop;1.00;DE40;24 620.00;24 626.00;;2026.01.29 10:09:28;24 626.00;;;;cancelled
2026.01.29 10:08:56;Buy;1.00;DE40;24 630.50;24 633.50;;2026.01.29 10:09:00;24 634.00;;;5.67;[sl]
2026.01.29 10:08:43;Buy;1.00;DE40;24 622.50;24 625.00;;2026.01.29 10:08:54;24 625.00;;;4.05;[sl]
2026.01.29 10:08:14;Sell Stop;1.00;DE40;24 596.50;24 602.50;;2026.01.29 10:08:42;24 617.50;;;;cancelled
2026.01.29 10:08:11;Sell Stop;1.00;DE40;24 598.00;24 604.00;;2026.01.29 10:08:14;24 600.50;;;;cancelled
2026.01.29 10:08:09;Sell Stop;1.00;DE40;24 598.00;24 604.00;;2026.01.29 10:08:11;24 602.00;;;;cancelled
2026.01.29 10:08:00;Sell;1.00;DE40;24 610.00;24 604.50;;2026.01.29 10:08:03;24 605.50;;;7.29;[sl]
2026.01.29 10:07:51;Sell;1.00;DE40;24 609.00;24 616.50;;2026.01.29 10:07:57;24 615.00;;;-9.72;[sl]
2026.01.29 10:07:48;Sell Stop;1.00;DE40;24 605.50;24 611.50;;2026.01.29 10:07:50;24 612.50;;;;cancelled
2026.01.29 10:07:45;Sell Stop;1.00;DE40;24 598.00;24 604.00;;2026.01.29 10:07:48;24 610.50;;;;cancelled
2026.01.29 10:07:43;Sell Stop;1.00;DE40;24 598.00;24 604.00;;2026.01.29 10:07:45;24 601.50;;;;cancelled
2026.01.29 10:07:39;Sell Stop;1.00;DE40;24 590.50;24 596.50;;2026.01.29 10:07:42;24 604.00;;;;cancelled
2026.01.29 10:07:37;Sell;1.00;DE40;24 587.00;24 594.00;;2026.01.29 10:07:39;24 594.00;;;-11.34;[sl]
2026.01.29 10:07:26;Sell Stop;1.00;DE40;24 583.50;24 589.50;;2026.01.29 10:07:36;24 592.50;;;;cancelled
2026.01.29 10:07:17;Sell;1.00;DE40;24 610.00;24 584.50;;2026.01.29 10:07:26;24 586.50;;;38.06;[sl]
2026.01.29 10:07:09;Sell;1.00;DE40;24 608.50;24 614.50;;2026.01.29 10:07:14;24 614.00;;;-8.91;[sl]
2026.01.29 10:07:03;Sell;1.00;DE40;24 616.50;24 613.00;;2026.01.29 10:07:06;24 613.50;;;4.86;[sl]
2026.01.29 10:06:52;Sell Stop;1.00;DE40;24 622.50;24 628.50;;2026.01.29 10:07:01;24 623.00;;;;cancelled
2026.01.29 10:06:48;Sell;1.00;DE40;24 619.50;24 627.50;;2026.01.29 10:06:52;24 627.50;;;-12.96;[sl]
2026.01.29 10:06:41;Sell;1.00;DE40;24 627.50;24 622.50;;2026.01.29 10:06:42;24 626.00;;;2.43;[sl]
2026.01.29 10:06:37;Sell;1.00;DE40;24 641.00;24 627.50;;2026.01.29 10:06:39;24 629.00;;;19.43;[sl]
2026.01.29 10:06:35;Sell Stop;1.00;DE40;24 642.00;24 648.00;;2026.01.29 10:06:37;24 645.50;;;;cancelled
2026.01.29 10:06:27;Sell Stop;1.00;DE40;24 640.00;24 646.00;;2026.01.29 10:06:35;24 646.00;;;;cancelled
2026.01.29 10:06:15;Sell Stop;1.00;DE40;24 641.50;24 647.50;;2026.01.29 10:06:27;24 644.00;;;;cancelled
2026.01.29 10:06:09;Sell;1.00;DE40;24 641.00;24 648.00;;2026.01.29 10:06:11;24 649.50;;;-13.77;[sl]
2026.01.29 10:06:05;Sell Stop;1.00;DE40;24 642.00;24 648.00;;2026.01.29 10:06:08;24 646.00;;;;cancelled
2026.01.29 10:06:00;Buy Stop;1.00;DE40;24 663.80;24 657.80;;2026.01.29 10:06:05;24 648.30;;;;cancelled
2026.01.29 10:05:53;Buy;1.00;DE40;24 664.30;24 658.30;;2026.01.29 10:05:59;24 657.50;;;-11.02;[sl]
2026.01.29 10:05:49;Buy;1.00;DE40;24 654.00;24 659.00;;2026.01.29 10:05:52;24 657.50;;;5.67;[sl]
2026.01.29 10:05:41;Buy;1.00;DE40;24 655.50;24 649.50;;2026.01.29 10:05:47;24 649.50;;;-9.72;[sl]
2026.01.29 10:05:24;Buy;1.00;DE40;24 648.50;24 652.00;;2026.01.29 10:05:37;24 651.00;;;4.05;[sl]
2026.01.29 10:04:58;Sell;0.01;XAUUSD;5 535.56;5 530.99;;2026.01.29 10:05:26;5 531.00;-0.10;;6.17;[sl]
2026.01.29 10:05:19;Buy;1.00;DE40;24 648.50;24 642.50;;2026.01.29 10:05:21;24 642.50;;;-9.72;[sl]
2026.01.29 10:05:04;Buy;1.00;DE40;24 641.00;24 645.00;;2026.01.29 10:05:16;24 645.00;;;6.48;[sl]
2026.01.29 10:05:01;Sell;0.01;XAUUSD;5 531.14;5 530.77;;2026.01.29 10:05:06;5 531.19;-0.10;;-0.07;[sl]
2026.01.29 10:05:03;Buy Stop;1.00;DE40;24 635.50;24 629.50;;2026.01.29 10:05:03;24 633.50;;;;cancelled
2026.01.29 10:04:47;Sell Stop;1.00;DE40;24 608.00;24 614.00;;2026.01.29 10:05:03;24 631.00;;;;cancelled
2026.01.29 10:04:41;Sell;1.00;DE40;24 613.50;24 609.50;;2026.01.29 10:04:47;24 612.50;;;1.62;[sl]
2026.01.29 10:04:37;Sell;1.00;DE40;24 612.80;24 619.50;;2026.01.29 10:04:40;24 620.50;;;-12.47;[sl]
2026.01.29 10:04:29;Sell;1.00;DE40;24 609.80;24 616.80;;2026.01.29 10:04:35;24 618.50;;;-14.09;[sl]
2026.01.29 10:04:24;Sell;1.00;DE40;24 621.30;24 616.50;;2026.01.29 10:04:27;24 617.00;;;6.96;[sl]
2026.01.29 10:04:20;Sell;1.00;DE40;24 635.30;24 626.00;;2026.01.29 10:04:23;24 626.50;;;14.25;[sl]
2026.01.29 10:04:14;Sell;1.00;DE40;24 650.00;24 645.00;;2026.01.29 10:04:17;24 644.50;;;8.91;[sl]
2026.01.29 10:04:10;Sell Stop;1.00;DE40;24 649.50;24 655.50;;2026.01.29 10:04:14;24 654.00;;;;cancelled
2026.01.29 10:04:06;Sell Stop;1.00;DE40;24 650.00;24 656.00;;2026.01.29 10:04:10;24 653.50;;;;cancelled
2026.01.29 10:03:55;Sell;1.00;DE40;24 654.50;24 665.00;;2026.01.29 10:04:01;24 665.30;;;-17.49;[sl]
2026.01.29 10:03:41;Sell;1.00;DE40;24 670.50;24 665.30;;2026.01.29 10:03:49;24 665.30;;;8.42;[sl]
2026.01.29 10:03:35;Sell;1.00;DE40;24 673.50;24 679.50;;2026.01.29 10:03:37;24 679.50;;;-9.72;[sl]
2026.01.29 10:03:32;Sell;1.00;DE40;24 681.50;24 676.00;;2026.01.29 10:03:34;24 677.50;;;6.48;[sl]
2026.01.29 10:03:11;Sell;1.00;DE40;24 700.50;24 689.80;;2026.01.29 10:03:17;24 690.30;;;16.52;[sl]
2026.01.29 10:03:08;Sell;1.00;DE40;24 709.00;24 704.30;;2026.01.29 10:03:10;24 707.30;;;2.75;[sl]
2026.01.29 10:03:05;Sell;1.00;DE40;24 722.00;24 716.30;;2026.01.29 10:03:07;24 719.30;;;4.37;[sl]
2026.01.29 10:02:57;Sell;1.00;DE40;24 732.00;24 742.00;;2026.01.29 10:03:01;24 743.30;;;-18.30;[sl]
2026.01.29 10:02:07;Sell;1.00;DE40;24 735.50;24 742.00;;2026.01.29 10:02:28;24 744.50;;;-14.58;[sl]
2026.01.29 10:01:57;Buy;1.00;DE40;24 753.00;24 746.50;;2026.01.29 10:02:01;24 746.00;;;-11.34;[sl]
2026.01.29 10:01:47;Buy Stop;1.00;DE40;24 752.50;24 746.50;;2026.01.29 10:01:49;24 748.50;;;;cancelled
2026.01.29 10:01:30;Buy;1.00;DE40;24 749.00;24 745.00;;2026.01.29 10:01:47;24 744.30;;;-7.61;[sl]
2026.01.29 10:01:18;Buy Stop;1.00;DE40;24 751.00;24 745.00;;2026.01.29 10:01:28;24 747.00;;;;cancelled
2026.01.29 10:01:16;Buy Stop;1.00;DE40;24 751.00;24 745.00;;2026.01.29 10:01:18;24 747.00;;;;cancelled
2026.01.29 10:01:07;Buy Stop;1.00;DE40;24 753.00;24 747.00;;2026.01.29 10:01:16;24 747.00;;;;cancelled
2026.01.29 10:01:04;Sell Stop;1.00;DE40;24 726.80;24 732.80;;2026.01.29 10:01:07;24 746.80;;;;cancelled
2026.01.29 10:01:02;Sell Stop;1.00;DE40;24 726.80;24 732.80;;2026.01.29 10:01:04;24 730.80;;;;cancelled
2026.01.29 10:00:50;Sell;1.00;DE40;24 746.50;24 733.50;;2026.01.29 10:01:02;24 735.40;;;17.98;[sl]
2026.01.29 10:00:43;Sell;1.00;DE40;24 749.00;24 755.00;;2026.01.29 10:00:44;24 755.80;;;-11.02;[sl]
2026.01.29 10:00:25;Sell;1.00;DE40;24 768.32;24 754.80;;2026.01.29 10:00:41;24 754.80;;;21.90;[sl]
2026.01.29 10:00:17;Sell Stop;1.00;DE40;24 768.00;24 774.00;;2026.01.29 10:00:24;24 773.50;;;;cancelled
2026.01.29 10:00:15;Sell Stop;1.00;DE40;24 767.00;24 773.00;;2026.01.29 10:00:17;24 772.00;;;;cancelled
2026.01.29 10:00:11;Sell Stop;1.00;DE40;24 770.30;24 776.30;;2026.01.29 10:00:15;24 771.00;;;;cancelled
2026.01.29 10:00:11;Sell Stop;1.00;DE40;24 769.80;24 775.80;;2026.01.29 10:00:11;24 774.30;;;;cancelled
2026.01.29 10:00:04;Sell Stop;1.00;DE40;24 756.80;24 762.80;;2026.01.29 10:00:11;24 773.80;;;;cancelled
2026.01.29 10:00:01;Sell;1.00;DE40;24 767.30;24 759.50;;2026.01.29 10:00:03;24 764.30;;;4.86;[sl]
2026.01.29 09:59:56;Sell;1.00;DE40;24 797.50;24 782.00;;2026.01.29 10:00:00;24 784.50;;;21.05;[sl]
2026.01.29 09:59:54;Sell Stop;1.00;DE40;24 798.50;24 804.50;;2026.01.29 09:59:54;24 802.00;;;;cancelled
2026.01.29 09:59:53;Sell Stop;1.00;DE40;24 798.00;24 804.00;;2026.01.29 09:59:54;24 802.50;;;;cancelled
2026.01.29 09:59:51;Sell Stop;1.00;DE40;24 798.00;24 804.00;;2026.01.29 09:59:53;24 802.00;;;;cancelled
2026.01.29 09:59:46;Sell Stop;1.00;DE40;24 798.50;24 804.50;;2026.01.29 09:59:51;24 802.00;;;;cancelled
2026.01.29 09:58:42;Buy Stop;1.00;DE40;24 819.00;24 813.00;;2026.01.29 09:59:28;24 809.50;;;;cancelled
2026.01.29 09:58:34;Buy Stop;1.00;DE40;24 819.50;24 813.50;;2026.01.29 09:58:42;24 815.00;;;;cancelled
2026.01.29 09:55:30;Sell;1.00;DE40;24 809.50;24 805.00;;2026.01.29 09:56:32;24 806.00;;;5.67;[sl]
2026.01.29 09:54:41;Sell Stop;1.00;DE40;24 807.50;24 813.50;;2026.01.29 09:55:30;24 809.50;;;;cancelled
2026.01.29 09:46:56;Buy Stop;1.00;DE40;24 838.00;24 832.00;;2026.01.29 09:47:43;24 831.00;;;;cancelled
2026.01.29 09:46:52;Buy Stop;1.00;DE40;24 838.00;24 832.00;;2026.01.29 09:46:56;24 834.00;;;;cancelled
2026.01.29 09:41:37;Sell;1.00;DE40;24 825.50;24 826.50;;2026.01.29 09:41:46;24 827.50;;;-3.24;[sl]
2026.01.29 09:40:41;Sell Stop;1.00;DE40;24 820.50;24 826.50;;2026.01.29 09:41:37;24 825.50;;;;cancelled
2026.01.29 09:38:43;Buy;1.00;DE40;24 832.00;24 831.00;;2026.01.29 09:38:51;24 829.50;;;-4.05;[sl]
2026.01.29 09:37:57;Buy Stop;1.00;DE40;24 837.00;24 831.00;;2026.01.29 09:38:43;24 832.00;;;;cancelled
2026.01.29 09:36:27;Buy;1.00;DE40;24 826.00;24 830.00;;2026.01.29 09:37:46;24 830.00;;;6.48;[sl]
2026.01.29 09:35:22;Buy Stop;1.00;DE40;24 826.50;24 820.50;;2026.01.29 09:35:59;24 822.50;;;;cancelled
2026.01.29 09:30:26;Buy;1.00;DE40;24 813.00;24 810.00;;2026.01.29 09:30:39;24 810.00;;;-4.86;[sl]
2026.01.29 09:29:37;Buy Stop;1.00;DE40;24 816.00;24 810.00;;2026.01.29 09:30:25;24 813.00;;;;cancelled
2026.01.29 09:26:54;Sell Stop;1.00;DE40;24 806.00;24 812.00;;2026.01.29 09:27:43;24 812.00;;;;cancelled
2026.01.29 09:27:23;Sell Stop;0.01;XAUUSD;5 549.30;5 550.80;;2026.01.29 09:27:35;5 551.49;;;;cancelled
2026.01.29 09:26:36;Sell Stop;1.00;DE40;24 806.00;24 812.00;;2026.01.29 09:26:54;24 810.00;;;;cancelled
2026.01.29 09:25:44;Buy;1.00;DE40;24 818.50;24 815.50;;2026.01.29 09:26:11;24 815.50;;;-4.86;[sl]
2026.01.29 09:24:51;Buy Stop;1.00;DE40;24 821.50;24 815.50;;2026.01.29 09:25:44;24 818.50;;;;cancelled
2026.01.29 09:23:15;Sell;0.01;XAUUSD;5 552.18;5 551.36;;2026.01.29 09:23:21;5 551.40;-0.10;;1.06;[sl]
2026.01.29 09:22:28;Sell;1.00;DE40;24 818.50;24 814.50;;2026.01.29 09:23:21;24 815.00;;;5.67;[sl]
2026.01.29 09:21:30;Sell Stop;1.00;DE40;24 819.00;24 825.00;;2026.01.29 09:21:55;24 823.50;;;;cancelled
2026.01.29 09:20:50;Buy Stop;1.00;DE40;24 833.50;24 827.50;;2026.01.29 09:21:30;24 823.50;;;;cancelled
2026.01.29 09:20:42;Buy Stop;1.00;DE40;24 833.00;24 827.00;;2026.01.29 09:20:50;24 829.50;;;;cancelled
2026.01.29 09:20:30;Buy Stop;1.00;DE40;24 833.50;24 827.50;;2026.01.29 09:20:42;24 829.00;;;;cancelled
2026.01.29 09:17:35;Buy;1.00;DE40;24 825.50;24 820.00;;2026.01.29 09:19:59;24 820.00;;;-8.91;[sl]
2026.01.29 09:13:56;Buy Stop;1.00;DE40;24 836.00;24 830.00;;2026.01.29 09:14:42;24 826.00;;;;cancelled
2026.01.29 09:13:18;Buy;1.00;DE40;24 825.50;24 821.00;;2026.01.29 09:13:29;24 820.30;;;-8.42;[sl]
2026.01.29 09:12:30;Buy Stop;1.00;DE40;24 827.00;24 821.00;;2026.01.29 09:13:18;24 825.50;;;;cancelled
2026.01.29 09:11:02;Sell Stop;1.00;DE40;24 808.00;24 814.00;;2026.01.29 09:11:52;24 819.00;;;;cancelled
2026.01.29 09:10:59;Buy Stop;1.00;DE40;24 825.00;24 819.00;;2026.01.29 09:11:02;24 812.50;;;;cancelled
2026.01.29 09:10:45;Buy Stop;1.00;DE40;24 826.50;24 820.50;;2026.01.29 09:10:59;24 821.00;;;;cancelled
2026.01.29 09:10:27;Buy Stop;1.00;DE40;24 824.00;24 818.00;;2026.01.29 09:10:45;24 822.50;;;;cancelled
2026.01.29 09:10:15;Buy Stop;1.00;DE40;24 823.50;24 817.50;;2026.01.29 09:10:27;24 820.00;;;;cancelled
2026.01.29 09:10:03;Buy Stop;1.00;DE40;24 824.50;24 818.50;;2026.01.29 09:10:15;24 819.50;;;;cancelled
2026.01.29 09:07:53;Buy;1.00;DE40;24 823.00;24 816.50;;2026.01.29 09:08:58;24 816.00;;;-11.34;[sl]
2026.01.29 09:04:25;Buy;1.00;DE40;24 814.00;24 807.50;;2026.01.29 09:05:04;24 807.50;;;-10.53;[sl]
2026.01.29 09:03:17;Buy Stop;1.00;DE40;24 814.00;24 808.00;;2026.01.29 09:03:57;24 809.50;;;;cancelled
2026.01.29 09:02:57;Buy Stop;1.00;DE40;24 810.50;24 804.50;;2026.01.29 09:03:17;24 810.00;;;;cancelled
2026.01.29 09:01:26;Sell;1.00;DE40;24 792.50;24 796.40;;2026.01.29 09:01:54;24 796.50;;;-6.48;[sl]
2026.01.29 09:00:35;Sell Stop;1.00;DE40;24 790.40;24 796.40;;2026.01.29 09:01:26;24 792.50;;;;cancelled
2026.01.29 09:00:22;Sell Stop;1.00;DE40;24 790.90;24 796.90;;2026.01.29 09:00:35;24 794.40;;;;cancelled
2026.01.29 09:00:11;Sell;1.00;DE40;24 791.90;24 796.40;;2026.01.29 09:00:18;24 797.60;;;-9.23;[sl]
2026.01.29 08:21:25;Buy;0.01;XAUUSD;5 590.14;5 591.36;;2026.01.29 08:22:06;5 591.24;-0.10;;1.49;[sl]
2026.01.29 08:14:01;Buy Stop;0.01;XAUUSD;5 589.42;5 587.92;;2026.01.29 08:14:02;5 585.88;;;;cancelled
2026.01.29 08:05:05;Buy Stop;0.01;XAUUSD;5 586.72;5 585.22;;2026.01.29 08:05:07;5 584.65;;;;cancelled
2026.01.29 08:00:06;Buy;0.01;XAUUSD;5 566.13;5 567.95;;2026.01.29 08:00:22;5 567.36;-0.10;;1.66;[sl]
2026.01.29 07:21:40;Sell;0.01;XAUUSD;5 531.64;5 530.42;;2026.01.29 07:21:46;5 531.12;-0.10;;0.70;[sl]
2026.01.29 06:35:08;Buy Stop;0.01;XAUUSD;5 564.69;5 563.19;;2026.01.29 06:35:16;5 562.67;;;;cancelled
2026.01.29 06:33:38;Buy;0.01;XAUUSD;5 553.88;5 560.75;;2026.01.29 06:34:32;5 560.32;-0.10;;8.71;[sl]
2026.01.29 06:08:36;Buy;0.01;XAUUSD;5 552.66;5 550.98;;2026.01.29 06:08:46;5 550.13;-0.10;;-3.42;[sl]
2026.01.29 06:00:49;Buy Stop;0.01;XAUUSD;5 550.17;5 548.67;;2026.01.29 06:01:01;5 548.00;;;;cancelled
2026.01.29 03:40:28;Buy;0.01;XAUUSD;5 531.36;5 536.23;;2026.01.29 03:40:59;5 535.84;-0.10;;6.07;[sl]
2026.01.29 03:09:54;Sell;0.01;XAUUSD;5 449.24;5 448.67;;2026.01.29 03:10:01;5 448.72;-0.10;;0.71;[sl]
2026.01.29 01:35:00;Buy Stop;0.01;XAUUSD;5 502.94;5 501.44;;2026.01.29 01:35:04;5 500.88;;;;cancelled
2026.01.29 01:30:20;Buy;0.01;XAUUSD;5 498.38;5 499.20;;2026.01.29 01:30:30;5 497.88;-0.10;;-0.68;[sl]
2026.01.29 01:15:04;Buy;0.01;XAUUSD;5 476.52;5 476.89;;2026.01.29 01:15:19;5 476.77;-0.10;;0.34;[sl]
2026.01.28 23:06:51;Buy;0.01;XAUUSD;5 394.29;5 395.36;;2026.01.28 23:07:03;5 395.27;-0.10;;1.33;[sl]
2026.01.28 21:56:28;Buy;0.01;XAUUSD;5 321.00;5 322.12;;2026.01.28 21:56:40;5 321.87;-0.10;;1.18;[sl]
2026.01.28 21:51:04;Buy Stop;0.01;XAUUSD;5 320.80;5 319.30;;2026.01.28 21:51:05;5 318.59;;;;cancelled
2026.01.28 20:38:59;Sell;0.01;XAUUSD;5 274.08;5 271.61;;2026.01.28 20:39:13;5 271.61;-0.10;;3.36;[sl]
2026.01.28 20:32:02;Sell;0.01;XAUUSD;5 278.95;5 278.73;;2026.01.28 20:32:04;5 279.02;-0.10;;-0.09;[sl]
2026.01.28 20:20:16;Buy;0.01;XAUUSD;5 314.05;5 314.37;;2026.01.28 20:20:33;5 314.34;-0.10;;0.39;[sl]
2026.01.28 20:18:19;Buy;0.01;XAUUSD;5 308.31;5 310.68;;2026.01.28 20:18:33;5 310.68;-0.10;;3.22;[sl]
2026.01.28 19:00:02;Buy;0.01;XAUUSD;5 301.35;5 301.82;;2026.01.28 19:00:14;5 301.80;-0.10;;0.61;[sl]
2026.01.28 18:57:42;Buy;0.01;XAUUSD;5 299.64;5 297.91;;2026.01.28 18:57:52;5 297.38;-0.10;;-3.07;[sl]
2026.01.28 18:46:26;Buy;0.01;XAUUSD;5 294.40;5 294.67;;2026.01.28 18:46:31;5 294.32;-0.10;;-0.10;[sl]
2026.01.28 17:08:25;Sell;0.01;XAUUSD;5 243.30;5 241.98;;2026.01.28 17:08:32;5 242.40;-0.10;;1.23;[sl]
2026.01.28 17:00:11;Buy Stop;0.01;XAUUSD;5 289.65;5 288.15;;2026.01.28 17:00:19;5 287.47;;;;cancelled
2026.01.28 16:58:36;Buy;0.01;XAUUSD;5 286.27;5 286.89;;2026.01.28 16:59:03;5 286.69;-0.10;;0.57;[sl]
2026.01.28 16:06:18;Sell;0.01;XAUUSD;5 254.46;5 250.74;;2026.01.28 16:06:41;5 250.86;-0.10;;4.88;[sl]
2026.01.28 15:45:15;Sell;0.01;XAUUSD;5 257.23;5 259.54;;2026.01.28 15:45:22;5 259.85;-0.10;;-3.56;[sl]
2026.01.28 15:00:00;Buy Stop;0.01;XAUUSD;5 280.74;5 279.24;;2026.01.28 15:00:05;5 278.34;;;;cancelled
2026.01.28 14:56:40;Buy Stop;0.01;XAUUSD;5 277.11;5 275.61;;2026.01.28 14:57:00;5 274.95;;;;cancelled
2026.01.28 14:54:19;Buy;0.01;XAUUSD;5 274.29;5 275.21;;2026.01.28 14:54:32;5 275.18;-0.10;;1.20;[sl]
2026.01.28 14:39:42;Buy;0.01;XAUUSD;5 270.04;5 268.52;;2026.01.28 14:41:23;5 268.48;-0.10;;-2.12;[sl]
2026.01.28 14:40:05;Buy Stop;0.01;XAUUSD;5 271.68;5 270.18;;2026.01.28 14:40:53;5 269.66;;;;cancelled
2026.01.28 13:04:38;Sell;0.01;XAUUSD;5 258.31;5 250.19;;2026.01.28 13:05:13;5 250.15;-0.10;;11.07;[sl]
2026.01.28 13:05:00;Sell Stop;0.01;XAUUSD;5 242.54;5 244.04;;2026.01.28 13:05:01;5 245.54;;;;cancelled
2026.01.28 11:44:12;Sell;0.01;XAUUSD;5 267.06;5 264.94;;2026.01.28 11:44:30;5 265.31;-0.10;;2.38;[sl]
2026.01.28 11:21:25;Sell Stop;0.01;XAUUSD;5 270.28;5 271.78;;2026.01.28 11:21:43;5 272.70;;;;cancelled
2026.01.28 11:15:07;Sell Stop;0.01;XAUUSD;5 279.23;5 280.73;;2026.01.28 11:15:16;5 281.24;;;;cancelled
2026.01.28 11:14:24;Sell Stop;0.01;XAUUSD;5 279.69;5 281.19;;2026.01.28 11:14:46;5 281.90;;;;cancelled
2026.01.28 10:30:12;Buy Stop;0.01;XAUUSD;5 303.53;5 302.03;;2026.01.28 10:30:20;5 301.41;;;;cancelled
2026.01.28 10:26:44;Buy Stop;0.01;XAUUSD;5 300.80;5 299.30;;2026.01.28 10:26:55;5 298.73;;;;cancelled
2026.01.28 10:05:43;Buy;0.01;XAUUSD;5 298.94;5 299.01;;2026.01.28 10:05:50;5 298.94;-0.10;;0.00;[sl]
2026.01.28 10:02:00;Buy;0.01;XAUUSD;5 294.41;5 292.65;;2026.01.28 10:02:08;5 292.32;-0.10;;-2.84;[sl]
2026.01.28 09:51:41;Buy;0.01;XAUUSD;5 290.36;5 288.95;;2026.01.28 09:52:09;5 288.52;-0.10;;-2.50;[sl]
2026.01.28 09:49:46;Buy;0.01;XAUUSD;5 288.53;5 286.91;;2026.01.28 09:49:49;5 286.62;-0.10;;-2.60;[sl]
2026.01.28 09:32:19;Buy Stop;0.01;XAUUSD;5 285.87;5 284.37;;2026.01.28 09:32:36;5 283.58;;;;cancelled
2026.01.28 09:25:59;Buy Stop;0.01;XAUUSD;5 284.66;5 283.16;;2026.01.28 09:26:15;5 282.65;;;;cancelled
2026.01.28 09:20:58;Buy;0.01;XAUUSD;5 283.29;5 281.52;;2026.01.28 09:21:14;5 281.50;-0.10;;-2.43;[sl]
2026.01.28 09:16:33;Buy;0.01;XAUUSD;5 277.14;5 275.29;;2026.01.28 09:16:44;5 275.29;-0.10;;-2.51;[sl]
2026.01.28 09:10:27;Buy;0.01;XAUUSD;5 275.26;5 273.57;;2026.01.28 09:10:31;5 273.34;-0.10;;-2.60;[sl]
2026.01.28 09:09:44;Buy;0.01;XAUUSD;5 272.81;5 273.08;;2026.01.28 09:09:47;5 273.04;-0.10;;0.32;[sl]
2026.01.28 08:51:44;Buy;0.01;XAUUSD;5 267.97;5 266.28;;2026.01.28 08:52:05;5 265.78;-0.10;;-2.97;[sl]
2026.01.28 07:49:18;Buy Stop;0.01;XAUUSD;5 267.39;5 265.89;;2026.01.28 07:49:33;5 265.10;;;;cancelled
2026.01.28 07:40:35;Buy Stop;0.01;XAUUSD;5 263.53;5 262.03;;2026.01.28 07:40:50;5 261.53;;;;cancelled
2026.01.28 07:30:15;Buy Stop;0.01;XAUUSD;5 263.00;5 261.50;;2026.01.28 07:30:40;5 260.96;;;;cancelled
2026.01.28 07:28:10;Buy Stop;0.01;XAUUSD;5 262.08;5 260.58;;2026.01.28 07:28:14;5 259.89;;;;cancelled
2026.01.28 07:20:04;Buy Stop;0.01;XAUUSD;5 258.92;5 257.42;;2026.01.28 07:21:19;5 256.85;;;;cancelled
2026.01.28 07:20:31;Buy;0.01;XAUUSD;5 258.85;5 257.26;;2026.01.28 07:21:02;5 257.19;-0.10;;-2.25;[sl]
2026.01.28 07:10:14;Buy;0.01;XAUUSD;5 255.15;5 255.92;;2026.01.28 07:10:41;5 255.82;-0.10;;0.91;[sl]
2026.01.28 07:05:48;Buy;0.01;XAUUSD;5 250.08;5 250.20;;2026.01.28 07:06:15;5 250.07;-0.10;;-0.01;[sl]
2026.01.28 06:55:50;Buy;0.01;XAUUSD;5 245.92;5 244.33;;2026.01.28 06:56:10;5 244.26;-0.10;;-2.25;[sl]
2026.01.28 05:10:31;Buy Stop;0.01;XAUUSD;5 247.84;5 246.34;;2026.01.28 05:11:05;5 245.80;;;;cancelled
2026.01.28 05:05:28;Buy;0.01;XAUUSD;5 238.88;5 240.05;;2026.01.28 05:05:38;5 239.90;-0.10;;1.38;[sl]
2026.01.28 05:01:00;Buy Stop;0.01;XAUUSD;5 235.69;5 234.19;;2026.01.28 05:01:25;5 233.56;;;;cancelled
2026.01.28 04:55:00;Buy Stop;0.01;XAUUSD;5 235.71;5 234.21;;2026.01.28 04:55:01;5 233.29;;;;cancelled
2026.01.28 04:54:05;Buy;0.01;XAUUSD;5 230.91;5 229.37;;2026.01.28 04:54:25;5 229.32;-0.10;;-2.17;[sl]
2026.01.28 04:32:45;Buy;0.01;XAUUSD;5 226.58;5 228.80;;2026.01.28 04:33:05;5 228.77;-0.10;;2.98;[sl]
2026.01.28 03:50:38;Buy Stop;0.01;XAUUSD;5 225.50;5 224.00;;2026.01.28 03:50:41;5 223.36;;;;cancelled
2026.01.28 03:45:01;Buy;0.01;XAUUSD;5 217.05;5 217.22;;2026.01.28 03:45:04;5 217.08;-0.10;;0.05;[sl]
2026.01.28 03:40:17;Buy;0.01;XAUUSD;5 203.73;5 207.40;;2026.01.28 03:40:36;5 207.24;-0.10;;4.78;[sl]
2026.01.28 03:05:00;Buy Stop;0.01;XAUUSD;5 188.98;5 187.48;;2026.01.28 03:05:03;5 186.95;;;;cancelled
2026.01.28 03:03:23;Buy;0.01;XAUUSD;5 181.43;5 185.65;;2026.01.28 03:03:55;5 185.54;-0.10;;5.60;[sl]
2026.01.28 02:55:05;Buy;0.01;XAUUSD;5 179.71;5 177.86;;2026.01.28 02:56:51;5 177.69;-0.10;;-2.75;[sl]
2026.01.28 02:53:39;Buy Stop;0.01;XAUUSD;5 178.11;5 176.61;;2026.01.28 02:53:48;5 176.11;;;;cancelled
2026.01.28 02:05:14;Sell;0.01;XAUUSD;5 157.89;5 159.45;;2026.01.28 02:05:42;5 160.03;-0.10;;-2.91;[sl]
2026.01.28 01:23:06;Sell;0.01;XAUUSD;5 163.99;5 163.07;;2026.01.28 01:23:22;5 163.38;-0.10;;0.83;[sl]
2026.01.28 01:17:06;Sell;0.01;XAUUSD;5 166.28;5 167.81;;2026.01.28 01:17:49;5 168.02;-0.10;;-2.36;[sl]
2026.01.27 23:45:07;Buy;0.01;XAUUSD;5 188.81;5 187.26;;2026.01.27 23:45:30;5 186.71;-0.10;;-2.86;[sl]
2026.01.27 23:00:07;Buy;0.01;XAUUSD;5 183.81;5 184.63;;2026.01.27 23:00:12;5 183.88;-0.10;;0.10;[sl]
2026.01.27 21:55:32;Buy;0.01;XAUUSD;5 096.49;5 098.91;;2026.01.27 21:55:52;5 098.73;-0.10;;3.05;[sl]
2026.01.27 20:56:57;Buy Stop;0.01;XAUUSD;5 095.88;5 094.38;;2026.01.27 20:57:01;5 093.24;;;;cancelled
2026.01.27 20:50:10;Buy;0.01;XAUUSD;5 093.08;5 093.65;;2026.01.27 20:50:38;5 093.59;-0.10;;0.69;[sl]
2026.01.27 20:50:00;Buy;0.01;XAUUSD;5 092.67;5 093.64;;2026.01.27 20:50:38;5 093.50;-0.10;;1.13;[sl]
2026.01.27 19:43:25;Sell;0.01;XAUUSD;5 078.73;5 080.20;;2026.01.27 19:43:40;5 080.20;-0.10;;-2.00;[sl]
2026.01.27 19:17:13;Sell;0.01;XAUUSD;5 079.62;5 081.17;;2026.01.27 19:17:17;5 082.06;-0.10;;-3.32;[sl]
2026.01.27 18:20:00;Buy;0.01;XAUUSD;5 102.03;5 102.40;;2026.01.27 18:20:23;5 102.66;-0.10;;0.86;[sl]
2026.01.27 18:18:39;Buy;0.01;XAUUSD;5 100.71;5 097.88;;2026.01.27 18:18:54;5 097.84;-0.10;;-3.91;[sl]
2026.01.27 18:11:03;Buy;0.01;XAUUSD;5 093.10;5 095.67;;2026.01.27 18:11:27;5 095.64;-0.10;;3.46;[sl]
2026.01.27 18:07:36;Buy Stop;0.01;XAUUSD;5 092.56;5 091.06;;2026.01.27 18:07:55;5 090.76;;;;cancelled
2026.01.27 18:00:01;Buy Stop;0.01;XAUUSD;5 092.19;5 090.69;;2026.01.27 18:00:24;5 090.60;;;;cancelled
2026.01.27 17:59:48;Buy;0.01;XAUUSD;5 088.98;5 090.85;;2026.01.27 18:00:09;5 090.81;-0.10;;2.49;[sl]
2026.01.27 17:50:00;Buy Stop;0.01;XAUUSD;5 087.62;5 086.12;;2026.01.27 17:50:10;5 086.10;;;;cancelled
2026.01.27 17:37:16;Buy;0.01;XAUUSD;5 085.05;5 085.82;;2026.01.27 17:38:39;5 085.75;-0.10;;0.96;[sl]
2026.01.27 16:16:16;Sell;0.01;XAUUSD;5 053.12;5 052.75;;2026.01.27 16:16:20;5 052.92;-0.10;;0.27;[sl]
2026.01.27 16:05:15;Sell;0.01;XAUUSD;5 066.91;5 066.44;;2026.01.27 16:05:31;5 066.48;-0.10;;0.59;[sl]
2026.01.27 15:16:03;Buy;0.01;XAUUSD;5 092.77;5 091.25;;2026.01.27 15:16:10;5 091.24;-0.10;;-2.09;[sl]
2026.01.27 14:45:18;Buy Stop;0.01;XAUUSD;5 090.89;5 089.39;;2026.01.27 14:46:00;5 089.32;;;;cancelled
2026.01.27 14:42:54;Buy Stop;0.01;XAUUSD;5 090.60;5 089.10;;2026.01.27 14:43:15;5 089.07;;;;cancelled
2026.01.27 13:50:58;Sell;0.01;XAUUSD;5 073.62;5 068.15;;2026.01.27 13:51:58;5 068.26;-0.10;;7.35;[sl]
2026.01.27 13:47:36;Sell;0.01;XAUUSD;5 079.14;5 077.77;;2026.01.27 13:48:39;5 077.88;-0.10;;1.73;[sl]
2026.01.27 12:46:48;Sell Stop;0.01;XAUUSD;5 081.43;5 082.93;;2026.01.27 12:47:00;5 082.94;;;;cancelled
2026.01.27 11:59:17;Buy;0.01;XAUUSD;5 098.16;5 098.58;;2026.01.27 11:59:26;5 098.49;-0.10;;0.45;[sl]
2026.01.27 11:52:25;Buy;0.01;XAUUSD;5 095.43;5 095.90;;2026.01.27 11:52:52;5 095.96;-0.10;;0.73;[sl]
2026.01.27 11:36:05;Buy;0.01;XAUUSD;5 091.10;5 089.48;;2026.01.27 11:37:18;5 089.48;-0.10;;-2.22;[sl]
2026.01.27 11:30:11;Buy Stop;0.01;XAUUSD;5 089.21;5 087.71;;2026.01.27 11:30:34;5 087.68;;;;cancelled
2026.01.27 11:26:55;Buy Stop;0.01;XAUUSD;5 088.32;5 086.82;;2026.01.27 11:27:04;5 086.81;;;;cancelled
2026.01.27 10:31:52;Sell;0.01;XAUUSD;5 074.48;5 074.41;;2026.01.27 10:32:50;5 074.99;-0.10;;-0.71;[sl]
2026.01.27 10:29:03;Sell;0.01;XAUUSD;5 078.50;5 076.48;;2026.01.27 10:29:39;5 076.49;-0.10;;2.76;[sl]
2026.01.27 10:06:54;Sell Stop;0.01;XAUUSD;5 081.14;5 082.64;;2026.01.27 10:07:06;5 082.67;;;;cancelled
2026.01.27 09:42:39;Buy;0.01;XAUUSD;5 100.89;5 098.92;;2026.01.27 09:42:55;5 098.63;-0.10;;-3.10;[sl]
2026.01.27 09:38:53;Buy;0.01;XAUUSD;5 098.57;5 098.84;;2026.01.27 09:39:06;5 098.82;-0.10;;0.35;[sl]
2026.01.27 09:31:33;Buy;0.01;XAUUSD;5 095.63;5 093.79;;2026.01.27 09:31:39;5 093.76;-0.10;;-2.57;[sl]
2026.01.27 09:09:35;Buy Stop;0.01;XAUUSD;5 094.79;5 093.29;;2026.01.27 09:09:48;5 093.29;;;;cancelled
2026.01.27 08:51:03;Buy;0.01;XAUUSD;5 094.04;5 092.67;;2026.01.27 08:51:11;5 092.60;-0.10;;-1.98;[sl]
2026.01.27 08:45:27;Buy;0.01;XAUUSD;5 089.24;5 090.51;;2026.01.27 08:46:42;5 090.47;-0.10;;1.69;[sl]
2026.01.27 08:41:46;Buy Stop;0.01;XAUUSD;5 088.25;5 086.75;;2026.01.27 08:41:56;5 086.63;;;;cancelled
2026.01.27 08:24:59;Buy;0.01;XAUUSD;5 087.44;5 086.00;;2026.01.27 08:25:29;5 085.85;-0.10;;-2.19;[sl]
2026.01.27 08:25:00;Buy Stop;0.01;XAUUSD;5 088.19;5 086.69;;2026.01.27 08:25:07;5 086.66;;;;cancelled
2026.01.27 08:01:26;Buy;0.01;XAUUSD;5 086.55;5 084.75;;2026.01.27 08:02:04;5 084.20;-0.10;;-3.22;[sl]
2026.01.27 07:50:24;Buy;0.01;XAUUSD;5 083.16;5 083.68;;2026.01.27 07:51:18;5 083.65;-0.10;;0.68;[sl]
2026.01.27 07:45:10;Buy;0.01;XAUUSD;5 076.50;5 077.27;;2026.01.27 07:46:09;5 077.25;-0.10;;1.03;[sl]
2026.01.27 07:11:10;Sell Stop;0.01;XAUUSD;5 057.48;5 058.98;;2026.01.27 07:11:14;5 059.00;;;;cancelled
2026.01.27 07:07:05;Sell Stop;0.01;XAUUSD;5 059.88;5 061.38;;2026.01.27 07:07:14;5 061.27;;;;cancelled
2026.01.27 07:02:25;Sell Stop;0.01;XAUUSD;5 061.01;5 062.51;;2026.01.27 07:02:50;5 062.56;;;;cancelled
2026.01.27 06:41:14;Sell;0.01;XAUUSD;5 063.15;5 062.88;;2026.01.27 06:42:01;5 062.88;-0.10;;0.37;[sl]
2026.01.27 04:40:57;Buy;0.01;XAUUSD;5 076.57;5 077.34;;2026.01.27 04:41:46;5 077.27;-0.10;;0.96;[sl]
2026.01.27 03:15:00;Buy Stop;0.01;XAUUSD;5 072.79;5 071.29;;2026.01.27 03:15:01;5 070.92;;;;cancelled
2026.01.27 03:11:18;Buy;0.01;XAUUSD;5 057.64;5 058.06;;2026.01.27 03:11:41;5 058.04;-0.10;;0.54;[sl]
2026.01.27 02:50:15;Sell;0.01;XAUUSD;5 021.24;5 020.07;;2026.01.27 02:50:31;5 020.07;-0.10;;1.61;[sl]
2026.01.27 02:46:04;Sell Stop;0.01;XAUUSD;5 027.96;5 029.46;;2026.01.27 02:46:08;5 029.56;;;;cancelled
2026.01.27 02:41:45;Sell;0.01;XAUUSD;5 037.78;5 032.76;;2026.01.27 02:43:00;5 032.80;-0.10;;6.83;[sl]
2026.01.27 01:45:06;Buy;0.01;XAUUSD;5 058.51;5 060.13;;2026.01.27 01:46:00;5 060.11;-0.10;;2.19;[sl]
2026.01.27 01:40:35;Buy Stop;0.01;XAUUSD;5 053.44;5 051.94;;2026.01.27 01:40:37;5 051.71;;;;cancelled
2026.01.27 01:39:13;Buy;0.01;XAUUSD;5 050.85;5 052.12;;2026.01.27 01:40:03;5 052.09;-0.10;;1.70;[sl]
2026.01.26 23:36:05;Sell;0.01;XAUUSD;5 004.78;4 996.91;;2026.01.26 23:36:42;4 997.57;-0.10;;9.88;[sl]
2026.01.26 23:31:23;Sell Stop;0.01;XAUUSD;5 010.80;5 012.30;;2026.01.26 23:31:37;5 012.41;;;;cancelled
2026.01.26 23:21:01;Sell;0.01;XAUUSD;5 017.60;5 017.33;;2026.01.26 23:21:04;5 017.39;-0.10;;0.29;[sl]
2026.01.26 21:47:41;Sell Stop;0.01;XAUUSD;5 020.06;5 021.56;;2026.01.26 21:47:44;5 021.86;;;;cancelled
2026.01.26 21:20:53;Sell;0.01;XAUUSD;5 035.11;5 034.99;;2026.01.26 21:21:00;5 035.04;-0.10;;0.09;[sl]
2026.01.26 21:02:08;Sell;0.01;XAUUSD;5 056.50;5 050.98;;2026.01.26 21:02:33;5 051.00;-0.10;;7.53;[sl]
2026.01.26 20:40:01;Sell Stop;0.01;XAUUSD;5 067.00;5 068.50;;2026.01.26 20:40:02;5 068.52;;;;cancelled
2026.01.26 20:35:06;Sell;0.01;XAUUSD;5 070.78;5 072.38;;2026.01.26 20:35:26;5 072.44;-0.10;;-2.28;[sl]
2026.01.26 20:31:43;Sell;0.01;XAUUSD;5 075.59;5 077.34;;2026.01.26 20:31:55;5 077.98;-0.10;;-3.28;[sl]
2026.01.26 19:45:02;Buy;0.01;XAUUSD;5 103.24;5 104.01;;2026.01.26 19:46:15;5 103.96;-0.10;;0.98;[sl]
2026.01.26 19:42:43;Buy;0.01;XAUUSD;5 099.75;5 100.67;;2026.01.26 19:43:20;5 100.80;-0.10;;1.44;[sl]
2026.01.26 18:38:55;Sell;0.01;XAUUSD;5 067.70;5 067.58;;2026.01.26 18:38:59;5 067.50;-0.10;;0.27;[sl]
2026.01.26 18:32:25;Sell Stop;0.01;XAUUSD;5 069.62;5 071.12;;2026.01.26 18:32:25;5 071.28;;;;cancelled
2026.01.26 18:29:08;Sell Stop;0.01;XAUUSD;5 070.01;5 071.51;;2026.01.26 18:29:08;5 071.92;;;;cancelled
2026.01.26 18:05:29;Buy;0.01;XAUUSD;5 103.62;5 102.13;;2026.01.26 18:05:30;5 101.48;-0.10;;-2.93;[sl]
2026.01.26 18:03:25;Buy;0.01;XAUUSD;5 098.46;5 099.33;;2026.01.26 18:03:45;5 099.25;-0.10;;1.08;[sl]
2026.01.26 17:13:06;Buy Stop;0.01;XAUUSD;5 098.12;5 096.62;;2026.01.26 17:13:39;5 095.81;;;;cancelled
2026.01.26 16:57:35;Buy Stop;0.01;XAUUSD;5 096.92;5 095.42;;2026.01.26 16:58:02;5 094.90;;;;cancelled
2026.01.26 16:52:35;Buy;0.01;XAUUSD;5 091.91;5 093.28;;2026.01.26 16:53:01;5 093.23;-0.10;;1.80;[sl]
2026.01.26 16:40:09;Buy Stop;0.01;XAUUSD;5 091.91;5 090.41;;2026.01.26 16:40:14;5 089.87;;;;cancelled
2026.01.26 16:37:19;Buy;0.01;XAUUSD;5 087.28;5 089.80;;2026.01.26 16:38:13;5 089.78;-0.10;;3.42;[sl]
2026.01.26 16:32:20;Buy Stop;0.01;XAUUSD;5 084.26;5 082.76;;2026.01.26 16:32:32;5 081.94;;;;cancelled
2026.01.26 15:00:05;Sell Stop;0.01;XAUUSD;5 075.32;5 076.82;;2026.01.26 15:00:05;5 077.34;;;;cancelled
2026.01.26 14:56:26;Sell;0.01;XAUUSD;5 078.00;5 077.93;;2026.01.26 14:56:53;5 078.02;-0.10;;-0.03;[sl]
2026.01.26 14:22:14;Buy;0.01;XAUUSD;5 094.95;5 095.27;;2026.01.26 14:23:13;5 095.24;-0.10;;0.40;[sl]
2026.01.26 11:56:46;Sell;0.01;XAUUSD;5 075.80;5 077.85;;2026.01.26 11:57:19;5 077.88;-0.10;;-2.85;[sl]
2026.01.26 11:52:00;Sell;0.01;XAUUSD;5 078.62;5 080.38;;2026.01.26 11:52:06;5 080.41;-0.10;;-2.45;[sl]
2026.01.26 10:37:24;Buy Stop;0.01;XAUUSD;5 099.03;5 097.53;;2026.01.26 10:38:42;5 097.03;;;;cancelled
2026.01.26 10:31:08;Buy Stop;0.01;XAUUSD;5 098.71;5 097.21;;2026.01.26 10:34:03;5 096.68;;;;cancelled
2026.01.26 10:27:31;Buy Stop;0.01;XAUUSD;5 098.54;5 097.04;;2026.01.26 10:29:45;5 096.43;;;;cancelled
2026.01.26 08:50:47;Buy Stop;0.01;XAUUSD;5 111.36;5 109.86;;2026.01.26 08:50:56;5 109.33;;;;cancelled
2026.01.26 08:45:02;Buy;0.01;XAUUSD;5 094.68;5 098.70;;2026.01.26 08:45:37;5 098.66;-0.10;;5.44;[sl]
2026.01.26 08:42:38;Buy;0.01;XAUUSD;5 087.14;5 088.51;;2026.01.26 08:43:02;5 088.51;-0.10;;1.87;[sl]
2026.01.26 08:37:09;Buy;0.01;XAUUSD;5 083.25;5 081.71;;2026.01.26 08:37:52;5 081.71;-0.10;;-2.10;[sl]
2026.01.26 08:00:13;Buy Stop;0.01;XAUUSD;5 077.56;5 076.06;;2026.01.26 08:00:14;5 075.38;;;;cancelled
2026.01.26 07:51:01;Buy Stop;0.01;XAUUSD;5 074.38;5 072.88;;2026.01.26 07:51:06;5 072.10;;;;cancelled
2026.01.26 07:19:38;Sell;0.01;XAUUSD;5 053.68;5 053.46;;2026.01.26 07:19:58;5 053.63;-0.10;;0.07;[sl]
2026.01.26 07:12:29;Sell;0.01;XAUUSD;5 056.29;5 055.97;;2026.01.26 07:12:37;5 056.35;-0.10;;-0.08;[sl]
2026.01.26 06:45:31;Sell;0.01;XAUUSD;5 062.47;5 062.05;;2026.01.26 06:45:42;5 062.27;-0.10;;0.27;[sl]
2026.01.26 06:41:16;Sell Stop;0.01;XAUUSD;5 063.43;5 064.93;;2026.01.26 06:41:24;5 065.46;;;;cancelled
2026.01.26 06:32:28;Sell;0.01;XAUUSD;5 067.89;5 066.27;;2026.01.26 06:32:41;5 066.33;-0.10;;2.13;[sl]
2026.01.26 05:52:59;Sell;0.01;XAUUSD;5 070.03;5 071.59;;2026.01.26 05:53:14;5 071.67;-0.10;;-2.24;[sl]
2026.01.26 04:30:30;Buy;0.01;XAUUSD;5 090.54;5 089.01;;2026.01.26 04:30:51;5 089.07;-0.10;;-2.01;[sl]
2026.01.26 04:25:08;Buy Stop;0.01;XAUUSD;5 089.79;5 088.29;;2026.01.26 04:25:35;5 087.78;;;;cancelled
2026.01.26 04:22:31;Buy;0.01;XAUUSD;5 087.99;5 086.25;;2026.01.26 04:23:27;5 086.13;-0.10;;-2.54;[sl]
2026.01.26 03:35:54;Buy;0.01;XAUUSD;5 085.64;5 083.74;;2026.01.26 03:36:16;5 083.59;-0.10;;-2.80;[sl]
2026.01.26 03:32:13;Buy;0.01;XAUUSD;5 076.63;5 079.50;;2026.01.26 03:32:47;5 079.25;-0.10;;3.59;[sl]
2026.01.26 03:25:16;Buy;0.01;XAUUSD;5 070.37;5 072.39;;2026.01.26 03:25:34;5 072.20;-0.10;;2.50;[sl]
2026.01.26 03:23:48;Buy;0.01;XAUUSD;5 068.43;5 068.55;;2026.01.26 03:24:21;5 068.53;-0.10;;0.13;[sl]
2026.01.26 02:05:00;Buy Stop;0.01;XAUUSD;5 042.37;5 040.87;;2026.01.26 02:05:09;5 040.19;;;;cancelled
2026.01.26 02:00:01;Buy;0.01;XAUUSD;5 040.78;5 039.72;;2026.01.26 02:00:05;5 039.71;-0.10;;-1.46;[sl]
2026.01.26 01:52:32;Buy Stop;0.01;XAUUSD;5 037.91;5 036.41;;2026.01.26 01:53:16;5 035.85;;;;cancelled
2026.01.26 01:46:47;Buy Stop;0.01;XAUUSD;5 033.66;5 032.16;;2026.01.26 01:46:51;5 031.64;;;;cancelled
2026.01.26 01:39:46;Buy Stop;0.01;XAUUSD;5 032.55;5 031.05;;2026.01.26 01:39:59;5 030.53;;;;cancelled
2026.01.26 01:20:04;Buy Stop;0.01;XAUUSD;5 030.70;5 029.20;;2026.01.26 01:20:10;5 028.60;;;;cancelled
2026.01.25 21:22:26;Balance;;;;;;;;;;127.90;
2026.01.23 21:52:59;Buy;0.01;XAUUSD;4 985.35;4 987.92;;2026.01.23 21:53:46;4 987.88;-0.10;;3.47;[sl]
2026.01.23 21:52:04;Sell Stop;0.01;XAUUSD;4 983.15;4 984.65;4 968.15;2026.01.23 21:52:59;4 985.26;;;;cancelled
2026.01.23 20:49:03;Sell;0.01;XAUUSD;4 961.02;4 960.00;;2026.01.23 20:49:19;4 960.14;-0.10;;1.21;[sl]
2026.01.23 20:48:54;Buy Stop;0.01;XAUUSD;4 963.30;4 961.80;4 978.30;2026.01.23 20:49:03;4 961.17;;;;cancelled
2026.01.23 19:54:34;Sell;0.01;XAUUSD;4 974.73;4 971.61;;2026.01.23 19:54:56;4 971.63;-0.10;;4.25;[sl]
2026.01.23 19:54:31;Buy Stop;0.01;XAUUSD;4 976.85;4 975.35;4 991.85;2026.01.23 19:54:35;4 974.24;;;;cancelled
2026.01.23 18:31:27;Buy;0.01;XAUUSD;4 988.24;4 986.42;;2026.01.23 18:31:49;4 986.36;-0.10;;-2.58;[sl]
2026.01.23 18:31:16;Sell Stop;0.01;XAUUSD;4 985.82;4 987.32;4 970.82;2026.01.23 18:31:27;4 988.16;;;;cancelled
2026.01.23 18:25:24;Buy;0.01;XAUUSD;4 983.16;4 984.03;;2026.01.23 18:26:56;4 983.96;-0.10;;1.10;[sl]
2026.01.23 18:25:14;Sell Stop;0.01;XAUUSD;4 980.70;4 982.20;4 965.70;2026.01.23 18:25:24;4 982.95;;;;cancelled
2026.01.23 18:20:39;Sell;0.01;XAUUSD;4 979.74;4 978.74;4 964.90;2026.01.23 18:21:39;4 978.77;-0.10;;1.34;[sl]
2026.01.23 18:20:20;Buy Stop;0.01;XAUUSD;4 982.00;4 980.50;;2026.01.23 18:20:39;4 979.83;;;;cancelled
2026.01.23 18:18:00;Buy;0.01;XAUUSD;4 978.15;4 978.97;;2026.01.23 18:18:50;4 979.00;-0.10;;1.17;[sl]
2026.01.23 18:17:51;Sell Stop;0.01;XAUUSD;4 975.81;4 977.31;4 960.81;2026.01.23 18:18:00;4 977.85;;;;cancelled
2026.01.23 18:10:14;Buy;0.01;XAUUSD;4 975.38;4 973.82;;2026.01.23 18:10:23;4 973.63;-0.10;;-2.40;[sl]
2026.01.23 18:09:42;Buy;0.01;XAUUSD;4 967.26;4 974.63;;2026.01.23 18:10:20;4 974.07;-0.10;;9.35;[sl]
2026.01.23 18:10:00;Sell Stop;0.01;XAUUSD;4 973.22;4 974.72;4 958.22;2026.01.23 18:10:15;4 975.28;;;;cancelled
2026.01.23 18:09:25;Sell Stop;0.01;XAUUSD;4 965.46;4 966.96;4 950.46;2026.01.23 18:09:42;4 967.58;;;;cancelled
2026.01.23 18:03:12;Sell;0.01;XAUUSD;4 963.71;4 963.41;4 948.71;2026.01.23 18:03:57;4 963.45;-0.10;;0.36;[sl]
2026.01.23 18:02:26;Buy Stop;0.01;XAUUSD;4 965.81;4 964.31;;2026.01.23 18:03:12;4 963.81;;;;cancelled
2026.01.23 17:47:24;Buy;0.01;XAUUSD;4 962.09;4 962.26;;2026.01.23 17:47:41;4 962.14;-0.10;;0.07;[sl]
2026.01.23 17:47:09;Sell Stop;0.01;XAUUSD;4 960.05;4 961.55;4 945.05;2026.01.23 17:47:30;4 962.10;;;;cancelled
2026.01.23 17:41:35;Buy;0.01;XAUUSD;4 957.83;4 958.70;;2026.01.23 17:42:09;4 958.63;-0.10;;1.10;[sl]
2026.01.23 17:41:33;Sell Stop;0.01;XAUUSD;4 955.57;4 957.07;4 940.57;2026.01.23 17:41:35;4 957.70;;;;cancelled
2026.01.23 16:51:58;Sell;0.01;XAUUSD;4 954.53;4 956.24;4 939.74;2026.01.23 16:52:01;4 956.36;-0.10;;-2.52;[sl]
2026.01.23 16:51:57;Buy Stop;0.01;XAUUSD;4 956.85;4 955.35;;2026.01.23 16:51:59;4 954.80;;;;cancelled
2026.01.23 16:43:01;Sell;0.01;XAUUSD;4 948.68;4 945.58;4 933.68;2026.01.23 16:43:44;4 945.79;-0.10;;3.97;[sl]
2026.01.23 16:42:46;Buy Stop;0.01;XAUUSD;4 950.75;4 949.25;;2026.01.23 16:43:02;4 948.69;;;;cancelled
2026.01.23 15:06:51;Buy;0.01;XAUUSD;4 945.90;4 947.22;;2026.01.23 15:07:33;4 947.19;-0.10;;1.78;[sl]
2026.01.23 15:04:22;Buy;0.01;XAUUSD;4 944.06;4 947.23;;2026.01.23 15:07:33;4 947.19;-0.10;;4.31;[sl]
2026.01.23 15:06:40;Sell Stop;0.01;XAUUSD;4 943.76;4 945.26;4 928.76;2026.01.23 15:06:51;4 945.76;;;;cancelled
2026.01.23 15:03:56;Sell Stop;0.01;XAUUSD;4 941.56;4 943.06;4 926.56;2026.01.23 15:04:22;4 943.94;;;;cancelled
2026.01.23 14:51:32;Buy;0.01;XAUUSD;4 940.88;4 941.70;;2026.01.23 14:52:15;4 941.59;-0.10;;0.98;[sl]
2026.01.23 14:51:12;Buy;0.01;XAUUSD;4 940.17;4 941.69;;2026.01.23 14:52:15;4 941.59;-0.10;;1.95;[sl]
2026.01.23 14:50:24;Sell Stop;0.01;XAUUSD;4 938.63;4 940.13;4 923.63;2026.01.23 14:51:33;4 940.71;;;;cancelled
2026.01.23 14:49:32;Sell Stop;0.01;XAUUSD;4 938.09;4 939.59;4 923.09;2026.01.23 14:51:13;4 940.12;;;;cancelled
2026.01.23 14:40:50;Sell;0.01;XAUUSD;4 937.10;4 935.95;4 922.16;2026.01.23 14:41:33;4 935.98;-0.10;;1.54;[sl]
2026.01.23 14:40:12;Buy Stop;0.01;XAUUSD;4 939.26;4 937.76;;2026.01.23 14:40:50;4 937.20;;;;cancelled
2026.01.23 14:37:43;Sell;0.01;XAUUSD;4 935.73;4 937.60;4 921.10;2026.01.23 14:38:05;4 937.62;-0.10;;-2.60;[sl]
2026.01.23 14:36:01;Buy Stop;0.01;XAUUSD;4 938.19;4 936.69;;2026.01.23 14:37:43;4 935.86;;;;cancelled
2026.01.23 14:15:20;Buy;0.01;XAUUSD;4 935.54;4 935.66;;2026.01.23 14:15:27;4 935.76;-0.10;;0.30;[sl]
2026.01.23 14:15:15;Sell Stop;0.01;XAUUSD;4 933.36;4 934.86;4 918.36;2026.01.23 14:15:20;4 935.44;;;;cancelled
2026.01.23 14:12:11;Sell;0.01;XAUUSD;4 933.16;4 934.66;4 918.16;2026.01.23 14:15:15;4 934.85;-0.10;;-2.32;[sl]
2026.01.23 14:10:19;Buy Stop;0.01;XAUUSD;4 935.21;4 933.71;;2026.01.23 14:12:12;4 933.21;;;;cancelled
2026.01.23 14:05:52;Buy;0.01;XAUUSD;4 932.74;4 933.46;;2026.01.23 14:07:07;4 933.49;-0.10;;1.03;[sl]
2026.01.23 14:05:46;Sell Stop;0.01;XAUUSD;4 930.62;4 932.12;4 915.62;2026.01.23 14:05:53;4 932.64;;;;cancelled
2026.01.23 14:03:29;Sell;0.01;XAUUSD;4 929.78;4 929.23;4 914.78;2026.01.23 14:04:00;4 929.35;-0.10;;0.60;[sl]
2026.01.23 14:02:59;Buy Stop;0.01;XAUUSD;4 931.87;4 930.37;;2026.01.23 14:03:30;4 929.85;;;;cancelled
2026.01.23 13:16:16;Sell;0.01;XAUUSD;4 914.16;4 913.89;;2026.01.23 13:16:37;4 913.88;-0.10;;0.39;[sl]
2026.01.23 13:15:34;Buy Stop;0.01;XAUUSD;4 916.29;4 914.79;4 931.29;2026.01.23 13:16:16;4 914.27;;;;cancelled
2026.01.23 12:25:33;Buy;0.01;XAUUSD;4 927.57;4 930.64;;2026.01.23 12:27:04;4 930.64;-0.10;;4.24;[sl]
2026.01.23 12:25:02;Sell Stop;0.01;XAUUSD;4 925.50;4 927.00;4 910.50;2026.01.23 12:25:34;4 927.57;;;;cancelled
2026.01.23 12:21:45;Sell;0.01;XAUUSD;4 925.24;4 924.14;4 910.26;2026.01.23 12:22:43;4 924.51;-0.10;;1.01;[sl]
2026.01.23 12:21:33;Buy Stop;0.01;XAUUSD;4 927.37;4 925.87;;2026.01.23 12:21:45;4 925.33;;;;cancelled
2026.01.23 12:16:01;Buy;0.01;XAUUSD;4 923.99;4 924.06;;2026.01.23 12:18:26;4 924.01;-0.10;;0.03;[sl]
2026.01.23 12:15:52;Sell Stop;0.01;XAUUSD;4 921.85;4 923.35;4 906.85;2026.01.23 12:16:01;4 923.86;;;;cancelled
2026.01.23 10:20:32;Sell;0.01;XAUUSD;4 935.89;4 931.32;;2026.01.23 10:20:58;4 931.15;-0.10;;6.54;[sl]
2026.01.23 10:20:17;Buy Stop;0.01;XAUUSD;4 938.80;4 937.30;4 953.80;2026.01.23 10:20:33;4 936.56;;;;cancelled
2026.01.23 10:15:35;Buy;0.01;XAUUSD;4 941.71;4 942.26;4 956.50;2026.01.23 10:16:40;4 942.15;-0.10;;0.61;[sl]
2026.01.23 10:15:01;Sell Stop;0.01;XAUUSD;4 939.35;4 940.85;;2026.01.23 10:15:35;4 941.59;;;;cancelled
2026.01.23 10:12:41;Sell;0.01;XAUUSD;4 940.51;4 942.04;;2026.01.23 10:12:54;4 942.13;-0.10;;-2.23;[sl]
2026.01.23 10:11:43;Buy Stop;0.01;XAUUSD;4 942.69;4 941.19;4 957.69;2026.01.23 10:12:39;4 940.69;;;;cancelled
2026.01.23 09:45:30;Buy;0.01;XAUUSD;4 947.39;4 945.87;4 962.37;2026.01.23 09:45:37;4 945.66;-0.10;;-2.39;[sl]
2026.01.23 09:45:11;Sell Stop;0.01;XAUUSD;4 945.23;4 946.73;;2026.01.23 09:45:30;4 947.26;;;;cancelled
2026.01.23 09:43:30;Buy;0.01;XAUUSD;4 951.41;4 949.76;4 966.26;2026.01.23 09:43:33;4 949.32;-0.10;;-2.89;[sl]
2026.01.23 09:43:22;Sell Stop;0.01;XAUUSD;4 949.15;4 950.65;;2026.01.23 09:43:30;4 951.25;;;;cancelled
2026.01.23 08:10:21;Buy;0.01;XAUUSD;4 955.55;4 954.02;4 970.52;2026.01.23 08:10:46;4 953.96;-0.10;;-2.19;[sl]
2026.01.23 08:10:09;Sell Stop;0.01;XAUUSD;4 953.40;4 954.90;;2026.01.23 08:10:21;4 955.48;;;;cancelled
2026.01.23 07:52:49;Sell;0.01;XAUUSD;4 965.74;4 964.24;4 950.74;2026.01.23 07:54:44;4 964.30;-0.10;;1.99;[sl]
2026.01.23 07:50:04;Buy Stop;0.01;XAUUSD;4 967.81;4 966.31;;2026.01.23 07:52:50;4 965.79;;;;cancelled
2026.01.23 07:45:32;Buy;0.01;XAUUSD;4 962.49;4 960.99;;2026.01.23 07:46:15;4 960.97;-0.10;;-2.09;[sl]
2026.01.23 07:45:06;Buy;0.01;XAUUSD;4 961.67;4 961.84;;2026.01.23 07:45:57;4 961.79;-0.10;;0.17;[sl]
2026.01.23 07:45:05;Sell Stop;0.01;XAUUSD;4 960.43;4 961.93;4 945.43;2026.01.23 07:45:32;4 962.43;;;;cancelled
2026.01.23 07:41:05;Sell Stop;0.01;XAUUSD;4 959.60;4 961.10;4 944.60;2026.01.23 07:45:06;4 961.60;;;;cancelled
2026.01.23 07:31:14;Sell;0.01;XAUUSD;4 958.99;4 957.99;4 944.12;2026.01.23 07:35:04;4 958.05;-0.10;;1.30;[sl]
2026.01.23 07:30:25;Buy Stop;0.01;XAUUSD;4 961.24;4 959.74;;2026.01.23 07:31:15;4 959.11;;;;cancelled
2026.01.23 07:22:40;Buy;0.01;XAUUSD;4 959.61;4 958.04;;2026.01.23 07:24:35;4 957.77;-0.10;;-2.53;[sl]
2026.01.23 07:20:59;Sell Stop;0.01;XAUUSD;4 957.47;4 958.97;4 942.47;2026.01.23 07:22:40;4 959.49;;;;cancelled
2026.01.23 06:40:23;Buy;0.01;XAUUSD;4 957.70;4 956.20;;2026.01.23 06:40:27;4 956.15;-0.10;;-2.14;[sl]
2026.01.23 06:40:12;Sell Stop;0.01;XAUUSD;4 955.58;4 957.08;4 940.58;2026.01.23 06:40:23;4 957.58;;;;cancelled
2026.01.23 06:37:05;Sell;0.01;XAUUSD;4 954.36;4 956.00;4 939.50;2026.01.23 06:39:35;4 956.20;-0.10;;-2.53;[sl]
2026.01.23 06:36:20;Buy Stop;0.01;XAUUSD;4 956.56;4 955.06;;2026.01.23 06:37:05;4 954.48;;;;cancelled
2026.01.23 05:26:36;Buy;0.01;XAUUSD;4 940.35;4 940.50;4 955.20;2026.01.23 05:26:42;4 940.31;-0.10;;-0.06;[sl]
2026.01.23 05:26:09;Sell Stop;0.01;XAUUSD;4 938.08;4 939.58;;2026.01.23 05:26:35;4 940.08;;;;cancelled
2026.01.23 05:18:40;Sell;0.01;XAUUSD;4 945.76;4 942.79;;2026.01.23 05:19:24;4 942.82;-0.10;;4.05;[sl]
2026.01.23 05:18:22;Buy Stop;0.01;XAUUSD;4 947.92;4 946.42;4 962.92;2026.01.23 05:18:40;4 945.88;;;;cancelled
2026.01.23 03:07:18;Buy;0.01;XAUUSD;4 937.86;4 941.01;4 952.83;2026.01.23 03:07:40;4 940.52;-0.10;;3.67;[sl]
2026.01.23 03:07:18;Sell Stop;0.01;XAUUSD;4 935.71;4 937.21;;2026.01.23 03:07:18;4 937.74;;;;cancelled
2026.01.23 03:00:00;Buy;0.01;XAUUSD;4 967.36;4 965.58;;2026.01.23 03:00:08;4 965.55;-0.10;;-2.49;[sl]
2026.01.23 03:00:00;Sell Stop;0.01;XAUUSD;4 964.96;4 966.46;4 949.96;2026.01.23 03:00:01;4 967.04;;;;cancelled
2026.01.23 02:58:29;Sell;0.01;XAUUSD;4 962.38;4 962.18;4 947.43;2026.01.23 02:58:37;4 962.62;-0.10;;-0.34;[sl]
2026.01.23 02:58:23;Buy Stop;0.01;XAUUSD;4 964.51;4 963.01;;2026.01.23 02:58:30;4 962.48;;;;cancelled
2026.01.23 02:01:51;Sell;0.01;XAUUSD;4 959.63;4 962.23;4 944.68;2026.01.23 02:02:27;4 962.65;-0.10;;-4.16;[sl]
2026.01.23 02:01:15;Buy Stop;0.01;XAUUSD;4 961.74;4 959.19;;2026.01.23 02:01:51;4 959.72;;;;cancelled
2026.01.23 01:56:16;Sell;0.01;XAUUSD;4 958.29;4 957.09;4 944.08;2026.01.23 01:57:18;4 957.23;-0.10;;1.46;[sl]
2026.01.23 01:55:59;Buy Stop;0.01;XAUUSD;4 961.20;4 958.65;;2026.01.23 01:56:17;4 958.39;;;;cancelled
2026.01.23 01:11:15;Sell;0.01;XAUUSD;4 958.08;4 957.08;4 943.08;2026.01.23 01:11:18;4 957.80;-0.10;;0.39;[sl]
2026.01.23 01:11:04;Buy Stop;0.01;XAUUSD;4 960.18;4 957.63;;2026.01.23 01:11:14;4 958.17;;;;cancelled
2026.01.23 01:08:04;Buy;0.01;XAUUSD;4 954.71;4 954.93;;2026.01.23 01:08:15;4 954.78;-0.10;;0.10;[sl]
2026.01.23 01:08:01;Sell Stop;0.01;XAUUSD;4 952.49;4 955.04;4 937.49;2026.01.23 01:08:07;4 954.53;;;;cancelled
2026.01.22 23:35:33;Sell;0.01;XAUUSD;4 935.09;4 934.69;4 920.23;2026.01.22 23:35:54;4 934.72;-0.10;;0.51;[sl]
2026.01.22 23:35:04;Buy Stop;0.01;XAUUSD;4 937.33;4 934.78;;2026.01.22 23:35:33;4 935.21;;;;cancelled
2026.01.22 22:15:11;Sell;0.01;XAUUSD;4 925.64;4 928.23;4 910.68;2026.01.22 22:17:31;4 928.45;-0.10;;-3.87;[sl]
2026.01.22 22:15:01;Buy Stop;0.01;XAUUSD;4 927.79;4 925.24;;2026.01.22 22:15:11;4 925.75;;;;cancelled
2026.01.22 22:14:53;Buy;0.01;XAUUSD;4 925.62;4 926.44;;2026.01.22 22:15:06;4 926.42;-0.10;;1.10;[sl]
2026.01.22 22:14:36;Sell Stop;0.01;XAUUSD;4 923.50;4 926.05;4 908.50;2026.01.22 22:14:53;4 925.55;;;;cancelled
2026.01.22 21:49:56;Buy;0.01;XAUUSD;4 908.17;4 909.57;4 922.90;2026.01.22 21:51:01;4 909.34;-0.10;;1.62;[sl]
2026.01.22 21:48:58;Sell Stop;0.01;XAUUSD;4 905.79;4 908.34;;2026.01.22 21:49:57;4 908.06;;;;cancelled
2026.01.22 21:15:20;Sell;0.01;XAUUSD;4 922.97;4 922.57;4 908.00;2026.01.22 21:16:08;4 922.57;-0.10;;0.55;[sl]
2026.01.22 21:14:37;Buy Stop;0.01;XAUUSD;4 925.05;4 922.50;;2026.01.22 21:15:21;4 923.04;;;;cancelled
2026.01.22 21:03:54;Buy;0.01;XAUUSD;4 920.85;4 923.12;;2026.01.22 21:07:49;4 922.98;-0.10;;2.94;[sl]
2026.01.22 21:07:31;Buy;0.01;XAUUSD;4 922.16;4 923.23;;2026.01.22 21:07:44;4 923.20;-0.10;;1.44;[sl]
2026.01.22 21:05:51;Sell Stop;0.01;XAUUSD;4 920.05;4 922.60;4 905.05;2026.01.22 21:07:30;4 922.05;;;;cancelled
2026.01.22 21:03:52;Sell Stop;0.01;XAUUSD;4 918.52;4 921.07;4 903.52;2026.01.22 21:03:55;4 920.72;;;;cancelled
2026.01.22 20:55:24;Buy;0.01;XAUUSD;4 919.35;4 916.64;;2026.01.22 20:56:22;4 916.62;-0.10;;-3.76;[sl]
2026.01.22 20:55:24;Sell Stop;0.01;XAUUSD;4 917.08;4 919.63;4 902.08;2026.01.22 20:55:25;4 919.24;;;;cancelled
2026.01.22 20:51:09;Sell;0.01;XAUUSD;4 915.62;4 914.62;4 900.91;2026.01.22 20:51:24;4 914.78;-0.10;;1.16;[sl]
2026.01.22 20:49:50;Sell;0.01;XAUUSD;4 915.02;4 914.62;4 900.04;2026.01.22 20:51:24;4 914.78;-0.10;;0.33;[sl]
2026.01.22 20:50:33;Buy Stop;0.01;XAUUSD;4 918.01;4 915.46;;2026.01.22 20:51:09;4 915.73;;;;cancelled
2026.01.22 20:49:14;Buy Stop;0.01;XAUUSD;4 917.15;4 914.60;;2026.01.22 20:49:51;4 915.13;;;;cancelled
2026.01.22 20:39:21;Sell;0.01;XAUUSD;4 913.78;4 913.38;4 899.13;2026.01.22 20:39:47;4 913.41;-0.10;;0.51;[sl]
2026.01.22 20:38:01;Buy Stop;0.01;XAUUSD;4 916.19;4 913.64;;2026.01.22 20:39:21;4 914.02;;;;cancelled
2026.01.22 20:08:37;Buy;0.01;XAUUSD;4 912.77;4 914.04;;2026.01.22 20:10:48;4 912.81;-0.10;;0.06;[sl]
2026.01.22 20:08:35;Sell Stop;0.01;XAUUSD;4 910.33;4 912.88;4 895.33;2026.01.22 20:08:38;4 912.63;;;;cancelled
2026.01.22 20:01:46;Buy;0.01;XAUUSD;4 908.46;4 910.48;;2026.01.22 20:03:24;4 910.46;-0.10;;2.76;[sl]
2026.01.22 20:01:45;Sell Stop;0.01;XAUUSD;4 905.22;4 907.77;4 890.22;2026.01.22 20:01:46;4 907.92;;;;cancelled
2026.01.22 19:56:19;Sell;0.01;XAUUSD;4 904.73;4 903.53;4 889.83;2026.01.22 19:58:43;4 903.56;-0.10;;1.61;[sl]
2026.01.22 19:56:11;Buy Stop;0.01;XAUUSD;4 906.90;4 904.35;;2026.01.22 19:56:20;4 904.84;;;;cancelled
2026.01.22 19:50:16;Sell;0.01;XAUUSD;4 903.74;4 902.94;4 888.92;2026.01.22 19:51:09;4 903.08;-0.10;;0.91;[sl]
2026.01.22 19:50:11;Buy Stop;0.01;XAUUSD;4 906.00;4 903.45;;2026.01.22 19:50:16;4 903.99;;;;cancelled
2026.01.22 19:47:11;Sell;0.01;XAUUSD;4 898.75;4 901.23;4 883.68;2026.01.22 19:48:41;4 901.24;-0.10;;-3.43;[sl]
2026.01.22 19:46:43;Buy Stop;0.01;XAUUSD;4 900.82;4 898.27;;2026.01.22 19:47:09;4 898.80;;;;cancelled
2026.01.22 19:43:15;Buy;0.01;XAUUSD;4 898.76;4 899.18;;2026.01.22 19:46:49;4 899.04;-0.10;;0.39;[sl]
2026.01.22 19:42:59;Sell Stop;0.01;XAUUSD;4 896.36;4 898.91;4 881.36;2026.01.22 19:43:15;4 898.65;;;;cancelled
2026.01.22 19:35:04;Sell;0.01;XAUUSD;4 896.19;4 894.59;4 881.22;2026.01.22 19:35:53;4 894.66;-0.10;;2.11;[sl]
2026.01.22 19:35:01;Buy Stop;0.01;XAUUSD;4 898.33;4 895.78;;2026.01.22 19:35:04;4 896.32;;;;cancelled
2026.01.22 19:34:19;Buy;0.01;XAUUSD;4 895.28;4 895.75;;2026.01.22 19:34:39;4 895.70;-0.10;;0.58;[sl]
2026.01.22 19:34:03;Sell Stop;0.01;XAUUSD;4 892.99;4 895.54;4 877.99;2026.01.22 19:34:19;4 895.01;;;;cancelled
2026.01.22 19:27:51;Buy;0.01;XAUUSD;4 893.21;4 893.28;;2026.01.22 19:28:12;4 893.28;-0.10;;0.10;[sl]
2026.01.22 19:27:50;Sell Stop;0.01;XAUUSD;4 891.14;4 893.69;4 876.14;2026.01.22 19:27:51;4 893.27;;;;cancelled
2026.01.22 19:22:54;Buy;0.01;XAUUSD;4 888.15;4 890.07;;2026.01.22 19:23:04;4 890.23;-0.10;;2.87;[sl]
2026.01.22 19:22:54;Sell Stop;0.01;XAUUSD;4 884.45;4 887.00;4 869.45;2026.01.22 19:22:54;4 887.12;;;;cancelled
2026.01.22 18:51:09;Sell;0.01;XAUUSD;4 884.07;4 882.67;4 869.17;2026.01.22 18:51:40;4 882.79;-0.10;;1.77;[sl]
2026.01.22 18:50:34;Buy Stop;0.01;XAUUSD;4 886.22;4 883.67;;2026.01.22 18:51:09;4 883.89;;;;cancelled
2026.01.22 18:38:33;Buy;0.01;XAUUSD;4 882.01;4 884.33;;2026.01.22 18:38:54;4 884.36;-0.10;;3.25;[sl]
2026.01.22 18:37:45;Sell Stop;0.01;XAUUSD;4 879.85;4 882.40;4 864.85;2026.01.22 18:38:33;4 881.91;;;;cancelled
2026.01.22 18:26:20;Sell;0.01;XAUUSD;4 878.96;4 878.36;4 864.07;2026.01.22 18:26:57;4 878.53;-0.10;;0.60;[sl]
2026.01.22 18:26:12;Buy Stop;0.01;XAUUSD;4 881.15;4 878.60;;2026.01.22 18:26:21;4 879.06;;;;cancelled
2026.01.22 18:20:09;Sell;0.01;XAUUSD;4 878.21;4 877.01;4 863.26;2026.01.22 18:20:50;4 876.81;-0.10;;1.93;[sl]
2026.01.22 18:20:06;Buy Stop;0.01;XAUUSD;4 880.36;4 877.81;;2026.01.22 18:20:09;4 878.31;;;;cancelled
2026.01.22 18:19:02;Buy;0.01;XAUUSD;4 877.92;4 878.39;;2026.01.22 18:19:26;4 878.35;-0.10;;0.59;[sl]
2026.01.22 18:18:58;Sell Stop;0.01;XAUUSD;4 875.82;4 878.37;4 860.82;2026.01.22 18:19:02;4 877.82;;;;cancelled
2026.01.22 18:10:41;Buy;0.01;XAUUSD;4 875.60;4 875.72;;2026.01.22 18:11:40;4 875.53;-0.10;;-0.10;[sl]
2026.01.22 18:10:25;Sell Stop;0.01;XAUUSD;4 873.37;4 875.92;4 858.37;2026.01.22 18:10:42;4 875.50;;;;cancelled
2026.01.22 18:00:28;Sell;0.01;XAUUSD;4 872.67;4 871.87;4 857.82;2026.01.22 18:00:35;4 871.95;-0.10;;0.99;[sl]
2026.01.22 18:00:06;Buy Stop;0.01;XAUUSD;4 874.92;4 872.37;;2026.01.22 18:00:28;4 872.75;;;;cancelled
2026.01.22 17:51:55;Buy;0.01;XAUUSD;4 868.06;4 869.03;;2026.01.22 17:52:15;4 869.02;-0.10;;1.32;[sl]
2026.01.22 17:51:53;Sell Stop;0.01;XAUUSD;4 865.38;4 867.93;4 850.38;2026.01.22 17:51:55;4 868.14;;;;cancelled
2026.01.22 17:47:06;Sell;0.01;XAUUSD;4 865.05;4 864.45;4 850.06;2026.01.22 17:48:24;4 864.61;-0.10;;0.60;[sl]
2026.01.22 17:46:57;Buy Stop;0.01;XAUUSD;4 867.16;4 864.61;;2026.01.22 17:47:06;4 865.15;;;;cancelled
2026.01.22 17:35:10;Sell;0.01;XAUUSD;4 863.84;4 863.44;4 848.98;2026.01.22 17:35:34;4 863.52;-0.10;;0.44;[sl]
2026.01.22 17:35:04;Buy Stop;0.01;XAUUSD;4 866.07;4 863.52;;2026.01.22 17:35:10;4 863.89;;;;cancelled
2026.01.22 17:31:05;Buy;0.01;XAUUSD;4 857.88;4 859.45;;2026.01.22 17:31:36;4 859.45;-0.10;;2.17;[sl]
2026.01.22 17:31:04;Sell Stop;0.01;XAUUSD;4 855.46;4 858.01;4 840.46;2026.01.22 17:31:06;4 857.78;;;;cancelled
2026.01.22 17:26:25;Buy;0.01;XAUUSD;4 849.57;4 849.64;;2026.01.22 17:26:31;4 849.62;-0.10;;0.07;[sl]
2026.01.22 17:26:19;Sell Stop;0.01;XAUUSD;4 847.28;4 849.83;4 832.28;2026.01.22 17:26:25;4 849.49;;;;cancelled
2026.01.22 16:32:01;Buy;0.01;XAUUSD;4 836.68;4 837.50;;2026.01.22 16:32:18;4 837.26;-0.10;;0.80;[sl]
2026.01.22 16:31:59;Sell Stop;0.01;XAUUSD;4 834.26;4 836.81;4 819.26;2026.01.22 16:32:01;4 836.58;;;;cancelled
2026.01.22 15:25:00;Buy;0.01;XAUUSD;4 834.78;4 832.21;;2026.01.22 15:26:15;4 831.96;-0.10;;-3.89;[sl]
2026.01.22 15:20:16;Buy;0.01;XAUUSD;4 833.11;4 830.51;;2026.01.22 15:20:42;4 829.98;-0.10;;-4.32;[sl]
2026.01.22 15:00:00;Sell Stop;0.01;XAUUSD;4 817.96;4 820.51;;2026.01.22 15:00:02;4 819.54;;;;cancelled
2026.01.22 14:57:40;Sell;0.01;XAUUSD;4 822.56;4 820.04;;2026.01.22 14:59:27;4 820.08;-0.10;;3.42;[sl]
2026.01.22 14:03:06;Sell;0.01;XAUUSD;4 823.78;4 826.69;;2026.01.22 14:06:36;4 826.77;-0.10;;-4.14;[sl]
2026.01.22 13:55:41;Buy;0.01;XAUUSD;4 836.21;4 833.65;;2026.01.22 13:58:18;4 833.64;-0.10;;-3.55;[sl]
2026.01.22 13:54:17;Buy;0.01;XAUUSD;4 835.41;4 835.48;;2026.01.22 13:56:53;4 835.48;-0.10;;0.10;[sl]
2026.01.22 13:48:27;Buy;0.01;XAUUSD;4 833.35;4 834.12;;2026.01.22 13:49:17;4 834.03;-0.10;;0.94;[sl]
2026.01.22 12:51:17;Buy;0.01;XAUUSD;4 831.82;4 828.96;;2026.01.22 12:55:03;4 828.73;-0.10;;-4.27;[sl]
2026.01.22 11:42:40;Sell;0.01;XAUUSD;4 815.35;4 815.03;;2026.01.22 11:42:45;4 815.33;-0.10;;0.03;[sl]
2026.01.22 11:32:26;Sell;0.01;XAUUSD;4 821.28;4 819.36;;2026.01.22 11:32:36;4 819.36;-0.10;;2.65;[sl]
2026.01.22 11:11:51;Buy;0.01;XAUUSD;4 836.29;4 837.21;;2026.01.22 11:12:37;4 837.18;-0.10;;1.23;[sl]
2026.01.22 10:38:17;Sell Stop;0.01;XAUUSD;4 822.31;4 824.86;;2026.01.22 10:39:13;4 823.80;;;;cancelled
2026.01.22 10:31:35;Sell;0.01;XAUUSD;4 823.88;4 823.56;;2026.01.22 10:32:40;4 823.56;-0.10;;0.44;[sl]
2026.01.22 09:43:03;Buy Stop;0.01;XAUUSD;4 839.07;4 836.52;;2026.01.22 09:43:03;4 837.61;;;;cancelled
2026.01.22 09:28:22;Buy;0.01;XAUUSD;4 838.07;4 835.47;;2026.01.22 09:32:28;4 835.00;-0.10;;-4.24;[sl]
2026.01.22 09:16:11;Buy;0.01;XAUUSD;4 835.79;4 836.16;;2026.01.22 09:16:31;4 835.96;-0.10;;0.24;[sl]
2026.01.22 09:05:51;Buy;0.01;XAUUSD;4 831.63;4 833.05;;2026.01.22 09:06:33;4 833.04;-0.10;;1.94;[sl]
2026.01.22 09:02:34;Buy;0.01;XAUUSD;4 830.17;4 830.29;;2026.01.22 09:03:56;4 830.16;-0.10;;-0.02;[sl]
2026.01.22 08:25:17;Buy;0.01;XAUUSD;4 828.52;4 828.59;;2026.01.22 08:26:51;4 828.55;-0.10;;0.04;[sl]
2026.01.22 08:21:24;Buy;0.01;XAUUSD;4 825.43;4 825.55;;2026.01.22 08:22:49;4 825.55;-0.10;;0.17;[sl]
2026.01.22 08:00:06;Buy;0.01;XAUUSD;4 822.52;4 823.94;;2026.01.22 08:01:32;4 823.75;-0.10;;1.70;[sl]
2026.01.22 07:59:15;Buy;0.01;XAUUSD;4 821.01;4 821.08;;2026.01.22 07:59:20;4 820.48;-0.10;;-0.73;[sl]
2026.01.22 07:50:02;Buy;0.01;XAUUSD;4 808.29;4 816.91;;2026.01.22 07:52:52;4 816.85;-0.10;;11.83;[sl]
2026.01.22 07:45:26;Buy;0.01;XAUUSD;4 803.90;4 806.62;;2026.01.22 07:46:15;4 806.59;-0.10;;3.72;[sl]
2026.01.22 07:40:47;Buy;0.01;XAUUSD;4 802.15;4 806.62;;2026.01.22 07:46:15;4 806.59;-0.10;;6.14;[sl]
2026.01.22 07:05:04;Buy;0.01;XAUUSD;4 801.06;4 798.42;;2026.01.22 07:08:15;4 798.40;-0.10;;-3.68;[sl]
2026.01.22 07:05:13;Buy;0.01;XAUUSD;4 801.56;4 798.69;;2026.01.22 07:07:41;4 798.44;-0.10;;-4.31;[sl]
2026.01.22 06:10:34;Buy Stop;0.01;XAUUSD;4 800.75;4 798.20;;2026.01.22 06:12:09;4 799.44;;;;cancelled
2026.01.22 06:06:02;Buy;0.01;XAUUSD;4 798.07;4 799.09;;2026.01.22 06:06:39;4 799.04;-0.10;;1.34;[sl]
2026.01.22 06:00:22;Buy;0.01;XAUUSD;4 797.27;4 799.09;;2026.01.22 06:06:39;4 799.04;-0.10;;2.44;[sl]
2026.01.22 05:52:00;Buy;0.01;XAUUSD;4 796.92;4 794.17;;2026.01.22 05:53:18;4 794.10;-0.10;;-3.90;[sl]
2026.01.22 05:27:17;Buy Stop;0.01;XAUUSD;4 796.35;4 793.80;;2026.01.22 05:27:28;4 795.03;;;;cancelled
2026.01.22 04:37:56;Sell Stop;0.01;XAUUSD;4 778.48;4 781.03;;2026.01.22 04:38:15;4 779.97;;;;cancelled
2026.01.22 04:33:31;Sell Stop;0.01;XAUUSD;4 781.08;4 783.63;;2026.01.22 04:33:36;4 782.42;;;;cancelled
2026.01.22 03:20:00;Buy;0.01;XAUUSD;4 801.01;4 804.13;;2026.01.22 03:20:55;4 803.94;-0.10;;4.05;[sl]
2026.01.22 03:19:45;Buy Stop;0.01;XAUUSD;4 799.33;4 796.78;;2026.01.22 03:19:49;4 797.97;;;;cancelled
2026.01.22 03:03:17;Sell;0.01;XAUUSD;4 775.92;4 774.70;;2026.01.22 03:04:00;4 774.98;-0.10;;1.30;[sl]
2026.01.21 21:58:01;Balance;;;;;;;;;;100.00;
