ticket,open_time,type,size,symbol,open_price,sl,tp,close_time,close_price,commission,taxes,swap,profit,comment
107301719,2026.01.06 16:33:04,buy,1.00,xauusd,4476.10,4477.28,4485.93,2026.01.06 16:33:08,4477.28,0.00,0.00,0.00,118.00,#999777 SMC Trail[sl]
107301722,2026.01.06 16:33:04,buy,1.00,xauusd,4476.15,4476.15,4485.93,2026.01.06 16:33:24,4476.15,0.00,0.00,0.00,0.00,#999777 SMC BE[sl]
107312646,2026.01.06 19:55:38,buy,1.00,xauusd,4491.67,4486.55,4501.55,2026.01.06 20:03:00,4486.55,0.00,0.00,0.00,-512.00,#999777 SMC Trail[sl]
107312650,2026.01.06 19:55:38,buy,1.00,xauusd,4491.45,4486.55,4501.55,2026.01.06 20:03:00,4486.55,0.00,0.00,0.00,-490.00,#999777 SMC BE[sl]
107317382,2026.01.06 22:57:31,buy,1.00,xauusd,4494.63,4495.82,4504.35,2026.01.06 22:58:25,4495.82,0.00,0.00,0.00,119.00,#999777 SMC Trail[sl]
107317384,2026.01.06 22:57:31,buy,1.00,xauusd,4494.50,4494.50,4504.35,2026.01.06 22:59:30,4494.50,0.00,0.00,0.00,0.00,#999777 SMC BE[sl]
107322646,2026.01.07 03:06:50,sell,1.00,xauusd,4477.23,4473.16,4467.23,2026.01.07 03:07:20,4473.16,0.00,0.00,0.00,407.00,#999777 SMC Trail[sl]
107322649,2026.01.07 03:06:50,sell,1.00,xauusd,4476.77,4476.77,4467.23,2026.01.07 03:08:33,4476.77,0.00,0.00,0.00,0.00,#999777 SMC BE[sl]
107331105,2026.01.07 07:33:00,sell,1.00,xauusd,4459.20,4454.01,4449.29,2026.01.07 07:34:10,4454.01,0.00,0.00,0.00,519.00,#999777 SMC Trail[sl]
107331111,2026.01.07 07:33:00,sell,1.00,xauusd,4459.03,4459.03,4449.29,2026.01.07 07:43:36,4449.29,0.00,0.00,0.00,974.00,#999777 SMC BE[tp]
107345470,2026.01.07 14:18:54,sell,1.00,xauusd,4440.98,4440.34,4431.34,2026.01.07 14:20:08,4440.34,0.00,0.00,0.00,64.00,#999777 SMC Trail[sl]
107345474,2026.01.07 14:18:54,sell,1.00,xauusd,4441.10,4441.10,4431.34,2026.01.07 14:20:12,4441.10,0.00,0.00,0.00,0.00,#999777 SMC BE[sl]
107375031,2026.01.08 03:00:35,sell,1.00,xauusd,4445.09,4449.90,4434.90,2026.01.08 03:01:43,4449.90,0.00,0.00,0.00,-481.00,#999777 SMC Trail[sl]
107375039,2026.01.08 03:00:35,sell,1.00,xauusd,4445.41,4449.90,4434.90,2026.01.08 03:01:43,4449.90,0.00,0.00,0.00,-449.00,#999777 SMC BE[sl]
107399320,2026.01.08 14:01:09,sell,1.00,xauusd,4419.59,4419.07,4409.67,2026.01.08 14:01:32,4419.07,0.00,0.00,0.00,52.00,#999777 SMC Trail[sl]
107399322,2026.01.08 14:01:09,sell,1.00,xauusd,4419.59,4419.59,4409.67,2026.01.08 14:03:25,4419.59,0.00,0.00,0.00,0.00,#999777 SMC BE[sl]
107416309,2026.01.08 17:05:58,buy,1.00,xauusd,4439.98,4440.66,4449.81,2026.01.08 17:07:11,4440.66,0.00,0.00,0.00,68.00,#999777 SMC Trail[sl]
107416314,2026.01.08 17:05:59,buy,1.00,xauusd,4439.82,4439.82,4449.81,2026.01.08 17:07:16,4439.82,0.00,0.00,0.00,0.00,#999777 SMC BE[sl]
107430604,2026.01.08 22:23:40,buy,1.00,xauusd,4465.53,4467.45,4475.49,2026.01.08 22:25:46,4467.45,0.00,0.00,0.00,192.00,#999777 SMC Trail[sl]
107430608,2026.01.08 22:23:41,buy,1.00,xauusd,4465.48,4465.48,4475.49,2026.01.08 22:31:43,4475.49,0.00,0.00,0.00,1 001.00,#999777 SMC BE[tp]
107454827,2026.01.09 11:20:24,buy,1.00,xauusd,4477.70,4472.72,4487.72,2026.01.09 11:33:50,4472.72,0.00,0.00,0.00,-498.00,#999777 SMC Trail[sl]
107454828,2026.01.09 11:20:24,buy,1.00,xauusd,4477.70,4472.72,4487.72,2026.01.09 11:33:50,4472.72,0.00,0.00,0.00,-498.00,#999777 SMC BE[sl]
107459562,2026.01.09 14:33:06,sell,1.00,xauusd,4463.87,4462.85,4453.94,2026.01.09 14:33:10,4462.85,0.00,0.00,0.00,102.00,#999777 SMC Trail[sl]
107459566,2026.01.09 14:33:06,sell,1.00,xauusd,4463.92,4463.92,4453.94,2026.01.09 14:33:48,4463.92,0.00,0.00,0.00,0.00,#999777 SMC BE[sl]
107491410,2026.01.12 01:00:20,buy,1.00,xauusd,4519.00,4522.00,4529.00,2026.01.12 01:01:00,4522.00,0.00,0.00,0.00,300.00,#999777 SMC Trail[sl]
107491423,2026.01.12 01:00:20,buy,1.00,xauusd,4519.05,4519.05,4529.00,2026.01.12 01:01:13,4519.05,0.00,0.00,0.00,0.00,#999777 SMC BE[sl]
107532681,2026.01.12 15:07:40,buy,1.00,xauusd,4599.46,4600.37,4609.62,2026.01.12 15:08:01,4600.37,0.00,0.00,0.00,91.00,#999777 SMC Trail[sl]
107532682,2026.01.12 15:07:40,buy,1.00,xauusd,4599.55,4599.55,4609.62,2026.01.12 15:15:52,4609.62,0.00,0.00,0.00,1 007.00,#999777 SMC BE[tp]
107558526,2026.01.13 01:12:27,sell,1.00,xauusd,4577.97,4583.15,4568.15,2026.01.13 01:13:54,4583.15,0.00,0.00,0.00,-518.00,#999777 SMC Trail[sl]
107558528,2026.01.13 01:12:27,sell,1.00,xauusd,4578.35,4583.15,4568.15,2026.01.13 01:13:54,4583.15,0.00,0.00,0.00,-480.00,#999777 SMC BE[sl]
107579062,2026.01.13 08:40:14,sell,1.00,xauusd,4575.51,4574.41,4565.44,2026.01.13 08:41:47,4574.41,0.00,0.00,0.00,110.00,#999777 SMC Trail[sl]
107579063,2026.01.13 08:40:14,sell,1.00,xauusd,4575.43,4575.43,4565.44,2026.01.13 08:41:55,4575.43,0.00,0.00,0.00,0.00,#999777 SMC BE[sl]
107599147,2026.01.13 15:08:13,buy,1.00,xauusd,4597.40,4598.09,4607.43,2026.01.13 15:09:55,4598.09,0.00,0.00,0.00,69.00,#999777 SMC Trail[sl]
107599150,2026.01.13 15:08:13,buy,1.00,xauusd,4597.30,4597.30,4607.43,2026.01.13 15:10:22,4597.30,0.00,0.00,0.00,0.00,#999777 SMC BE[sl]
107634299,2026.01.13 22:32:55,sell,1.00,xauusd,4580.76,4578.84,4570.82,2026.01.13 22:33:54,4578.84,0.00,0.00,0.00,192.00,#999777 SMC Trail[sl]
107634300,2026.01.13 22:32:55,sell,1.00,xauusd,4580.81,4580.81,4570.82,2026.01.13 22:35:01,4570.82,0.00,0.00,0.00,999.00,#999777 SMC BE[tp]
107655959,2026.01.14 07:02:07,buy,1.00,xauusd,4638.07,4638.58,4646.37,2026.01.14 07:02:57,4638.58,0.00,0.00,0.00,51.00,#999777 SMC Trail[sl]
107655967,2026.01.14 07:02:14,buy,1.00,xauusd,4636.77,4636.77,4646.37,2026.01.14 07:05:02,4636.77,0.00,0.00,0.00,0.00,#999777 SMC BE[sl]
107675784,2026.01.14 14:59:03,buy,1.00,xauusd,4641.04,4636.22,4651.22,2026.01.14 15:00:31,4636.22,0.00,0.00,0.00,-482.00,#999777 SMC Trail[sl]
107675790,2026.01.14 14:59:04,buy,1.00,xauusd,4640.86,4636.22,4651.22,2026.01.14 15:00:31,4636.22,0.00,0.00,0.00,-464.00,#999777 SMC BE[sl]
107681967,2026.01.14 16:39:16,sell,1.00,xauusd,4621.73,4620.97,4611.75,2026.01.14 16:39:41,4620.97,0.00,0.00,0.00,76.00,#999777 SMC Trail[sl]
107681982,2026.01.14 16:39:17,sell,1.00,xauusd,4622.10,4622.10,4611.75,2026.01.14 16:40:34,4622.10,0.00,0.00,0.00,0.00,#999777 SMC BE[sl]
107697450,2026.01.14 21:02:22,buy,1.00,xauusd,4642.95,4637.23,4652.23,2026.01.14 21:04:26,4637.23,0.00,0.00,0.00,-572.00,#999777 SMC Trail[sl]
107697458,2026.01.14 21:02:23,buy,1.00,xauusd,4642.95,4637.23,4652.23,2026.01.14 21:04:26,4637.23,0.00,0.00,0.00,-572.00,#999777 SMC BE[sl]
107711880,2026.01.15 03:24:30,sell,1.00,xauusd,4601.15,4599.53,4591.09,2026.01.15 03:24:38,4599.53,0.00,0.00,0.00,162.00,#999777 SMC Trail[sl]
107711881,2026.01.15 03:24:30,sell,1.00,xauusd,4601.13,4601.13,4591.09,2026.01.15 03:26:24,4601.13,0.00,0.00,0.00,0.00,#999777 SMC BE[sl]
107731443,2026.01.15 12:08:30,buy,1.00,xauusd,4613.78,4615.10,4623.77,2026.01.15 12:24:42,4615.10,0.00,0.00,0.00,132.00,#999777 SMC Trail[sl]
107731444,2026.01.15 12:08:30,buy,1.00,xauusd,4613.78,4613.78,4623.77,2026.01.15 12:26:09,4613.78,0.00,0.00,0.00,0.00,#999777 SMC BE[sl]
107755619,2026.01.15 18:11:55,buy,1.00,xauusd,4623.06,4623.68,4633.23,2026.01.15 18:17:43,4623.68,0.00,0.00,0.00,62.00,#999777 SMC Trail[sl]
107755622,2026.01.15 18:11:55,buy,1.00,xauusd,4623.16,4623.16,4633.23,2026.01.15 18:17:55,4623.16,0.00,0.00,0.00,0.00,#999777 SMC BE[sl]
107773575,2026.01.16 02:45:13,sell,1.00,xauusd,4600.66,4600.08,4590.62,2026.01.16 02:50:20,4600.08,0.00,0.00,0.00,58.00,#999777 SMC Trail[sl]
107773578,2026.01.16 02:45:13,sell,1.00,xauusd,4600.61,4600.61,4590.62,2026.01.16 02:50:23,4600.61,0.00,0.00,0.00,0.00,#999777 SMC BE[sl]
107797677,2026.01.16 15:16:26,sell,1.00,xauusd,4594.07,4588.07,4584.05,2026.01.16 15:16:54,4588.07,0.00,0.00,0.00,600.00,#999777 SMC Trail[sl]
107797679,2026.01.16 15:16:26,sell,1.00,xauusd,4594.03,4594.03,4584.05,2026.01.16 15:18:13,4584.05,0.00,0.00,0.00,998.00,#999777 SMC BE[tp]
107806393,2026.01.16 17:05:00,buy,1.00,xauusd,4617.27,4618.08,4626.61,2026.01.16 17:06:03,4618.08,0.00,0.00,0.00,81.00,#999777 SMC Trail[sl]
107806396,2026.01.16 17:05:01,buy,1.00,xauusd,4617.66,4617.66,4626.61,2026.01.16 17:08:06,4617.66,0.00,0.00,0.00,0.00,#999777 SMC BE[sl]
107840640,2026.01.19 01:00:20,buy,1.00,xauusd,4627.11,4630.07,4637.13,2026.01.19 01:00:25,4630.07,0.00,0.00,0.00,296.00,#999777 SMC Trail[sl]
107840660,2026.01.19 01:00:21,buy,1.00,xauusd,4627.40,4627.40,4637.13,2026.01.19 01:01:56,4637.13,0.00,0.00,0.00,973.00,#999777 SMC BE[tp]
107886638,2026.01.19 17:54:20,buy,1.00,xauusd,4674.05,4675.53,4684.05,2026.01.19 17:56:18,4675.53,0.00,0.00,0.00,148.00,#999777 SMC Trail[sl]
107886644,2026.01.19 17:54:20,buy,1.00,xauusd,4674.26,4674.26,4684.05,2026.01.19 17:56:39,4674.26,0.00,0.00,0.00,0.00,#999777 SMC BE[sl]
107893272,2026.01.20 02:26:48,sell,1.00,xauusd,4661.60,4660.72,4651.57,2026.01.20 02:28:00,4660.72,0.00,0.00,0.00,88.00,#999777 SMC Trail[sl]
107893273,2026.01.20 02:26:48,sell,1.00,xauusd,4661.60,4661.60,4651.57,2026.01.20 02:28:09,4661.60,0.00,0.00,0.00,0.00,#999777 SMC BE[sl]
107898643,2026.01.20 05:51:18,buy,1.00,xauusd,4680.48,4681.01,4690.41,2026.01.20 05:51:31,4681.01,0.00,0.00,0.00,53.00,#999777 SMC Trail[sl]
107898644,2026.01.20 05:51:18,buy,1.00,xauusd,4680.59,4680.59,4690.41,2026.01.20 06:01:23,4680.59,0.00,0.00,0.00,0.00,#999777 SMC BE[sl]
107927456,2026.01.20 15:59:55,buy,1.00,xauusd,4738.14,4741.11,4747.64,2026.01.20 16:01:00,4741.11,0.00,0.00,0.00,297.00,#999777 SMC Trail[sl]
107927472,2026.01.20 15:59:55,buy,1.00,xauusd,4738.51,4738.51,4747.64,2026.01.20 16:03:05,4747.64,0.00,0.00,0.00,913.00,#999777 SMC BE[tp]
107958200,2026.01.20 18:53:33,buy,1.00,xauusd,4750.85,4752.56,4761.19,2026.01.20 18:55:22,4752.56,0.00,0.00,0.00,171.00,#999777 SMC Trail[sl]
107958204,2026.01.20 18:53:33,buy,1.00,xauusd,4751.00,4751.00,4761.19,2026.01.20 19:00:20,4751.00,0.00,0.00,0.00,0.00,#999777 SMC BE[sl]
107969730,2026.01.21 01:00:14,buy,1.00,xauusd,4766.67,4761.67,4776.67,2026.01.21 01:00:45,4761.67,0.00,0.00,0.00,-500.00,#999777 SMC Trail[sl]
107969733,2026.01.21 01:00:14,buy,1.00,xauusd,4766.67,4761.67,4776.67,2026.01.21 01:00:45,4761.67,0.00,0.00,0.00,-500.00,#999777 SMC BE[sl]
108025580,2026.01.21 15:37:58,buy,1.00,xauusd,4877.32,4877.87,4887.33,2026.01.21 15:38:46,4877.87,0.00,0.00,0.00,55.00,#999777 SMC Trail[sl]
108025583,2026.01.21 15:37:58,buy,1.00,xauusd,4877.49,4877.49,4887.33,2026.01.21 15:40:13,4877.49,0.00,0.00,0.00,0.00,#999777 SMC BE[sl]
108027670,2026.01.21 16:04:52,sell,1.00,xauusd,4852.91,4851.48,4844.92,2026.01.21 16:05:01,4851.48,0.00,0.00,0.00,143.00,#999777 SMC Trail[sl]
108027701,2026.01.21 16:04:52,sell,1.00,xauusd,4853.83,4853.83,4844.92,2026.01.21 16:05:03,4844.92,0.00,0.00,0.00,891.00,#999777 SMC BE[tp]
108066347,2026.01.21 19:31:16,sell,1.00,xauusd,4812.87,4811.66,4801.95,2026.01.21 19:31:22,4811.66,0.00,0.00,0.00,121.00,#999777 SMC Trail[sl]
108066358,2026.01.21 19:31:17,sell,1.00,xauusd,4812.52,4812.52,4801.95,2026.01.21 19:36:00,4812.52,0.00,0.00,0.00,0.00,#999777 SMC BE[sl]
108131837,2026.01.22 15:42:49,sell,1.00,xauusd,4812.54,4811.80,4802.67,2026.01.22 15:42:59,4811.80,0.00,0.00,0.00,74.00,#999777 SMC Trail[sl]
108131858,2026.01.22 15:42:49,sell,1.00,xauusd,4812.52,4812.52,4802.67,2026.01.22 15:42:59,4812.52,0.00,0.00,0.00,0.00,#999777 SMC BE[sl]
108135419,2026.01.22 16:32:01,buy,1.00,xauusd,4837.08,4838.28,4846.67,2026.01.22 16:32:26,4838.28,0.00,0.00,0.00,120.00,#999777 SMC Trail[sl]
108135426,2026.01.22 16:32:01,buy,1.00,xauusd,4837.28,4837.28,4846.67,2026.01.22 16:32:31,4837.28,0.00,0.00,0.00,0.00,#999777 SMC BE[sl]
108171319,2026.01.23 07:50:47,buy,1.00,xauusd,4967.50,4962.46,4977.46,2026.01.23 07:57:22,4962.46,0.00,0.00,0.00,-504.00,#999777 SMC Trail[sl]
108171321,2026.01.23 07:50:47,buy,1.00,xauusd,4967.50,4962.46,4977.46,2026.01.23 07:57:22,4962.46,0.00,0.00,0.00,-504.00,#999777 SMC BE[sl]
108177478,2026.01.23 10:18:23,sell,1.00,xauusd,4938.03,4930.58,4928.07,2026.01.23 10:20:48,4930.58,0.00,0.00,0.00,745.00,#999777 SMC Trail[sl]
108177481,2026.01.23 10:18:23,sell,1.00,xauusd,4937.98,4937.98,4928.07,2026.01.23 10:23:00,4928.07,0.00,0.00,0.00,991.00,#999777 SMC BE[tp]
108206707,2026.01.23 18:09:42,buy,1.00,xauusd,4967.68,4973.15,4977.66,2026.01.23 18:09:50,4973.15,0.00,0.00,0.00,547.00,#999777 SMC Trail[sl]
108206711,2026.01.23 18:09:42,buy,1.00,xauusd,4967.79,4967.79,4977.66,2026.01.23 18:18:00,4977.66,0.00,0.00,0.00,987.00,#999777 SMC BE[tp]
108219929,2026.01.23 21:53:41,buy,1.00,xauusd,4988.53,4989.17,4998.40,2026.01.23 21:54:40,4989.17,0.00,0.00,0.00,64.00,#999777 SMC Trail[sl]
108219932,2026.01.23 21:53:41,buy,1.00,xauusd,4988.47,4988.47,4998.40,2026.01.23 21:54:53,4988.47,0.00,0.00,0.00,0.00,#999777 SMC BE[sl]
108873694,2026.01.29 06:21:15,buy,0.60,audusd,0.70777,0.00000,0.00000,2026.01.29 06:50:00,0.70898,0.00,0.00,0.00,72.60,#600 230417_RandomWalk_YHH_unlimited
108873693,2026.01.29 06:21:15,buy,0.60,eurusd,1.19803,0.00000,0.00000,2026.01.29 07:05:00,1.19912,0.00,0.00,0.00,65.40,#300 230417_RandomWalk_YHH_unlimited
108873696,2026.01.29 06:21:15,buy,0.60,gbpusd,1.38300,0.00000,0.00000,2026.01.29 07:05:00,1.38433,0.00,0.00,0.00,79.80,#200 230417_RandomWalk_YHH_unlimited
108873701,2026.01.29 06:21:15,sell,0.60,usdjpy,153.135,0.000,0.000,2026.01.29 07:05:00,152.955,0.00,0.00,0.00,70.61,#400 230417_RandomWalk_YHH_unlimited
108873703,2026.01.29 06:21:15,sell,0.60,usdchf,0.76578,0.00000,0.00000,2026.01.29 07:10:01,0.76498,0.00,0.00,0.00,62.75,#100 230417_RandomWalk_YHH_unlimited
108873702,2026.01.29 06:21:15,sell,0.60,usdcad,1.35251,0.00000,0.00000,2026.01.29 09:10:04,1.35115,0.00,0.00,0.00,60.39,#500 230417_RandomWalk_YHH_unlimited
108873695,2026.01.29 06:21:15,buy,0.60,usdchf,0.76590,0.00000,0.00000,2026.01.29 09:35:00,0.76670,0.00,0.00,0.00,62.61,#100 230417_RandomWalk_YHH_unlimited
108873697,2026.01.29 06:21:15,buy,0.60,usdjpy,153.148,0.000,0.000,2026.01.29 09:35:00,153.356,0.00,0.00,0.00,81.38,#400 230417_RandomWalk_YHH_unlimited
108873700,2026.01.29 06:21:15,sell,0.60,audusd,0.70761,0.00000,0.00000,2026.01.29 10:35:00,0.70643,0.00,0.00,0.00,70.80,#600 230417_RandomWalk_YHH_unlimited
108873699,2026.01.29 06:21:15,sell,0.60,eurusd,1.19790,0.00000,0.00000,2026.01.29 10:40:00,1.19684,0.00,0.00,0.00,63.60,#300 230417_RandomWalk_YHH_unlimited
108873704,2026.01.29 06:21:15,sell,0.60,gbpusd,1.38282,0.00000,0.00000,2026.01.29 11:25:00,1.38155,0.00,0.00,0.00,76.20,#200 230417_RandomWalk_YHH_unlimited
108902849,2026.01.29 09:35:03,buy,0.60,usdchf,0.76680,0.00000,0.00000,2026.01.29 11:50:02,0.76762,0.00,0.00,0.00,64.09,#100 230417_RandomWalk_YHH_unlimited
108915645,2026.01.29 10:40:00,sell,0.60,eurusd,1.19675,0.00000,0.00000,2026.01.29 11:55:00,1.19551,0.00,0.00,0.00,74.40,#300 230417_RandomWalk_YHH_unlimited
108914801,2026.01.29 10:35:00,sell,0.60,audusd,0.70627,0.00000,0.00000,2026.01.29 12:10:00,0.70526,0.00,0.00,0.00,60.60,#600 230417_RandomWalk_YHH_unlimited
108924695,2026.01.29 11:25:00,sell,0.60,gbpusd,1.38139,0.00000,0.00000,2026.01.29 12:15:04,1.38033,0.00,0.00,0.00,63.60,#200 230417_RandomWalk_YHH_unlimited
108873698,2026.01.29 06:21:15,buy,0.60,usdcad,1.35271,0.00000,0.00000,2026.01.29 12:20:00,1.35422,0.00,0.00,0.00,66.90,#500 230417_RandomWalk_YHH_unlimited
108930089,2026.01.29 12:10:01,sell,0.60,audusd,0.70510,0.00000,0.00000,2026.01.29 12:45:00,0.70397,0.00,0.00,0.00,67.80,#600 230417_RandomWalk_YHH_unlimited
108930784,2026.01.29 12:15:05,sell,0.60,gbpusd,1.38021,0.00000,0.00000,2026.01.29 12:50:00,1.37920,0.00,0.00,0.00,60.60,#200 230417_RandomWalk_YHH_unlimited
108928301,2026.01.29 11:55:01,sell,0.60,eurusd,1.19538,0.00000,0.00000,2026.01.29 13:00:00,1.19425,0.00,0.00,0.00,67.80,#300 230417_RandomWalk_YHH_unlimited
108931395,2026.01.29 12:20:01,buy,0.60,usdcad,1.35439,0.00000,0.00000,2026.01.29 13:00:00,1.35592,0.00,0.00,0.00,67.70,#500 230417_RandomWalk_YHH_unlimited
108920826,2026.01.29 11:00:00,buy,0.60,audusd,0.70618,0.00000,0.00000,2026.01.29 15:10:00,0.70661,0.00,0.00,0.00,25.80,#600 230417_RandomWalk_YHH_unlimited
108936124,2026.01.29 13:00:00,buy,0.60,audusd,0.70334,0.00000,0.00000,2026.01.29 15:10:00,0.70661,0.00,0.00,0.00,196.20,#600 230417_RandomWalk_YHH_unlimited
108876607,2026.01.29 06:50:01,buy,0.60,audusd,0.70913,0.00000,0.00000,2026.01.29 15:10:01,0.70661,0.00,0.00,0.00,-151.20,#600 230417_RandomWalk_YHH_unlimited
108897120,2026.01.29 09:10:08,sell,0.60,usdcad,1.35098,0.00000,0.00000,2026.01.29 15:25:00,1.35120,0.00,0.00,0.00,-9.77,#500 230417_RandomWalk_YHH_unlimited
108928800,2026.01.29 12:00:04,sell,0.60,usdcad,1.35348,0.00000,0.00000,2026.01.29 15:25:00,1.35120,0.00,0.00,0.00,101.24,#500 230417_RandomWalk_YHH_unlimited
108877776,2026.01.29 07:05:01,buy,0.60,gbpusd,1.38450,0.00000,0.00000,2026.01.29 16:40:01,1.38306,0.00,0.00,0.00,-86.40,#200 230417_RandomWalk_YHH_unlimited
108928785,2026.01.29 12:00:00,buy,0.60,gbpusd,1.38046,0.00000,0.00000,2026.01.29 16:40:01,1.38306,0.00,0.00,0.00,156.00,#200 230417_RandomWalk_YHH_unlimited
108928784,2026.01.29 12:00:00,sell,0.60,usdchf,0.76777,0.00000,0.00000,2026.01.29 16:45:00,0.76585,0.00,0.00,0.00,150.42,#100 230417_RandomWalk_YHH_unlimited
108953588,2026.01.29 15:10:01,buy,0.60,audusd,0.70678,0.00000,0.00000,2026.01.29 16:45:00,0.70789,0.00,0.00,0.00,66.60,#600 230417_RandomWalk_YHH_unlimited
108956133,2026.01.29 15:25:01,sell,0.60,usdcad,1.35109,0.00000,0.00000,2026.01.29 16:45:00,1.34972,0.00,0.00,0.00,60.90,#500 230417_RandomWalk_YHH_unlimited
108878181,2026.01.29 07:10:01,sell,0.60,usdchf,0.76486,0.00000,0.00000,2026.01.29 16:45:01,0.76587,0.00,0.00,0.00,-79.13,#100 230417_RandomWalk_YHH_unlimited
108976767,2026.01.29 16:45:01,sell,0.60,usdchf,0.76574,0.00000,0.00000,2026.01.29 16:50:51,0.76613,0.00,0.00,0.00,-30.54,#100 230417_RandomWalk_YHH_unlimited
108974489,2026.01.29 16:40:02,buy,0.60,gbpusd,1.38321,0.00000,0.00000,2026.01.29 16:50:52,1.38262,0.00,0.00,0.00,-35.40,#200 230417_RandomWalk_YHH_unlimited
108976753,2026.01.29 16:45:00,sell,0.60,usdcad,1.34954,0.00000,0.00000,2026.01.29 16:50:52,1.34992,0.00,0.00,0.00,-16.89,#500 230417_RandomWalk_YHH_unlimited
108976755,2026.01.29 16:45:00,buy,0.60,audusd,0.70804,0.00000,0.00000,2026.01.29 16:50:52,0.70701,0.00,0.00,0.00,-61.80,#600 230417_RandomWalk_YHH_unlimited
108936168,2026.01.29 13:00:02,buy,0.60,usdcad,1.35614,0.00000,0.00000,2026.01.29 16:50:53,1.34965,0.00,0.00,0.00,-288.52,#500 230417_RandomWalk_YHH_unlimited
108951941,2026.01.29 15:00:00,buy,0.60,usdcad,1.35248,0.00000,0.00000,2026.01.29 16:50:53,1.34970,0.00,0.00,0.00,-123.58,#500 230417_RandomWalk_YHH_unlimited
108963638,2026.01.29 16:00:00,sell,0.60,audusd,0.70654,0.00000,0.00000,2026.01.29 16:50:53,0.70721,0.00,0.00,0.00,-40.20,#600 230417_RandomWalk_YHH_unlimited
108934111,2026.01.29 12:45:00,sell,0.60,audusd,0.70380,0.00000,0.00000,2026.01.29 16:50:54,0.70724,0.00,0.00,0.00,-206.40,#600 230417_RandomWalk_YHH_unlimited
108934661,2026.01.29 12:50:00,sell,0.60,gbpusd,1.37905,0.00000,0.00000,2026.01.29 16:50:54,1.38280,0.00,0.00,0.00,-225.00,#200 230417_RandomWalk_YHH_unlimited
108936150,2026.01.29 13:00:00,sell,0.60,eurusd,1.19411,0.00000,0.00000,2026.01.29 16:50:54,1.19660,0.00,0.00,0.00,-149.40,#300 230417_RandomWalk_YHH_unlimited
108902843,2026.01.29 09:35:01,buy,0.60,usdjpy,153.369,0.000,0.000,2026.01.29 16:50:55,153.050,0.00,0.00,0.00,-125.06,#400 230417_RandomWalk_YHH_unlimited
108907050,2026.01.29 10:00:00,sell,0.60,usdjpy,153.312,0.000,0.000,2026.01.29 16:50:55,153.062,0.00,0.00,0.00,98.00,#400 230417_RandomWalk_YHH_unlimited
108927753,2026.01.29 11:50:03,buy,0.60,usdchf,0.76775,0.00000,0.00000,2026.01.29 16:50:55,0.76597,0.00,0.00,0.00,-139.43,#100 230417_RandomWalk_YHH_unlimited
108928762,2026.01.29 12:00:00,buy,0.60,eurusd,1.19566,0.00000,0.00000,2026.01.29 16:50:55,1.19646,0.00,0.00,0.00,48.00,#300 230417_RandomWalk_YHH_unlimited
108877767,2026.01.29 07:05:00,buy,0.60,eurusd,1.19927,0.00000,0.00000,2026.01.29 16:50:56,1.19646,0.00,0.00,0.00,-168.60,#300 230417_RandomWalk_YHH_unlimited
108877768,2026.01.29 07:05:00,sell,0.60,usdjpy,152.941,0.000,0.000,2026.01.29 16:50:56,153.063,0.00,0.00,0.00,-47.82,#400 230417_RandomWalk_YHH_unlimited
108981477,2026.01.29 16:55:52,sell,0.60,audusd,0.70654,0.00000,0.00000,2026.01.29 17:05:00,0.70449,0.00,0.00,0.00,123.00,#600 230417_RandomWalk_YHH_unlimited
108981482,2026.01.29 16:55:53,sell,0.60,gbpusd,1.38282,0.00000,0.00000,2026.01.29 17:05:00,1.38088,0.00,0.00,0.00,116.40,#200 230417_RandomWalk_YHH_unlimited
108981469,2026.01.29 16:55:52,buy,0.60,usdjpy,153.048,0.000,0.000,2026.01.29 17:10:00,153.236,0.00,0.00,0.00,73.61,#400 230417_RandomWalk_YHH_unlimited
108981473,2026.01.29 16:55:52,buy,0.60,usdchf,0.76601,0.00000,0.00000,2026.01.29 17:10:00,0.76690,0.00,0.00,0.00,69.63,#100 230417_RandomWalk_YHH_unlimited
108981486,2026.01.29 16:55:53,sell,0.60,eurusd,1.19682,0.00000,0.00000,2026.01.29 17:10:00,1.19534,0.00,0.00,0.00,88.80,#300 230417_RandomWalk_YHH_unlimited
108986259,2026.01.29 17:05:00,sell,0.60,gbpusd,1.38075,0.00000,0.00000,2026.01.29 17:10:00,1.37956,0.00,0.00,0.00,71.40,#200 230417_RandomWalk_YHH_unlimited
108981472,2026.01.29 16:55:52,buy,0.60,usdcad,1.35059,0.00000,0.00000,2026.01.29 17:15:03,1.35313,0.00,0.00,0.00,112.63,#500 230417_RandomWalk_YHH_unlimited
108986260,2026.01.29 17:05:00,sell,0.60,audusd,0.70439,0.00000,0.00000,2026.01.29 17:15:03,0.70250,0.00,0.00,0.00,113.40,#600 230417_RandomWalk_YHH_unlimited
108989506,2026.01.29 17:10:00,sell,0.60,gbpusd,1.37939,0.00000,0.00000,2026.01.29 17:20:00,1.37665,0.00,0.00,0.00,164.40,#200 230417_RandomWalk_YHH_unlimited
108989509,2026.01.29 17:10:00,sell,0.60,eurusd,1.19521,0.00000,0.00000,2026.01.29 17:20:00,1.19244,0.00,0.00,0.00,166.20,#300 230417_RandomWalk_YHH_unlimited
108989513,2026.01.29 17:10:01,buy,0.60,usdchf,0.76700,0.00000,0.00000,2026.01.29 17:20:00,0.76923,0.00,0.00,0.00,173.94,#100 230417_RandomWalk_YHH_unlimited
108992106,2026.01.29 17:15:03,sell,0.60,audusd,0.70234,0.00000,0.00000,2026.01.29 17:20:00,0.69954,0.00,0.00,0.00,168.00,#600 230417_RandomWalk_YHH_unlimited
108992108,2026.01.29 17:15:03,buy,0.60,usdcad,1.35333,0.00000,0.00000,2026.01.29 17:20:00,1.35564,0.00,0.00,0.00,102.24,#500 230417_RandomWalk_YHH_unlimited
108989505,2026.01.29 17:10:00,buy,0.60,usdjpy,153.250,0.000,0.000,2026.01.29 17:30:00,153.443,0.00,0.00,0.00,75.47,#400 230417_RandomWalk_YHH_unlimited
108994919,2026.01.29 17:20:00,buy,0.60,usdchf,0.76933,0.00000,0.00000,2026.01.29 17:30:00,0.77022,0.00,0.00,0.00,69.33,#100 230417_RandomWalk_YHH_unlimited
108994920,2026.01.29 17:20:00,sell,0.60,gbpusd,1.37652,0.00000,0.00000,2026.01.29 17:30:00,1.37529,0.00,0.00,0.00,73.80,#200 230417_RandomWalk_YHH_unlimited
108994921,2026.01.29 17:20:00,sell,0.60,eurusd,1.19233,0.00000,0.00000,2026.01.29 17:30:00,1.19102,0.00,0.00,0.00,78.60,#300 230417_RandomWalk_YHH_unlimited
108994922,2026.01.29 17:20:00,buy,0.60,usdcad,1.35583,0.00000,0.00000,2026.01.29 17:30:00,1.35737,0.00,0.00,0.00,68.07,#500 230417_RandomWalk_YHH_unlimited
108994923,2026.01.29 17:20:00,sell,0.60,audusd,0.69937,0.00000,0.00000,2026.01.29 17:30:00,0.69775,0.00,0.00,0.00,97.20,#600 230417_RandomWalk_YHH_unlimited
108981478,2026.01.29 16:55:52,sell,0.60,usdjpy,153.035,0.000,0.000,2026.01.29 17:45:00,152.871,0.00,0.00,0.00,64.37,#400 230417_RandomWalk_YHH_unlimited
109011469,2026.01.29 18:00:00,buy,0.60,gbpusd,1.37642,0.00000,0.00000,2026.01.29 18:42:13,1.37951,0.00,0.00,0.00,185.40,#200 230417_RandomWalk_YHH_unlimited
109011443,2026.01.29 18:00:00,sell,0.60,usdcad,1.35545,0.00000,0.00000,2026.01.29 18:42:14,1.35277,0.00,0.00,0.00,118.87,#500 230417_RandomWalk_YHH_unlimited
109011445,2026.01.29 18:00:00,buy,0.60,audusd,0.69783,0.00000,0.00000,2026.01.29 18:42:14,0.70097,0.00,0.00,0.00,188.40,#600 230417_RandomWalk_YHH_unlimited
108999466,2026.01.29 17:30:00,buy,0.60,usdjpy,153.455,0.000,0.000,2026.01.29 18:42:15,152.815,0.00,0.00,0.00,-251.28,#400 230417_RandomWalk_YHH_unlimited
109005422,2026.01.29 17:45:03,sell,0.60,usdjpy,152.858,0.000,0.000,2026.01.29 18:42:15,152.828,0.00,0.00,0.00,11.78,#400 230417_RandomWalk_YHH_unlimited
109011440,2026.01.29 18:00:00,buy,0.60,eurusd,1.19301,0.00000,0.00000,2026.01.29 18:42:15,1.19459,0.00,0.00,0.00,94.80,#300 230417_RandomWalk_YHH_unlimited
109011441,2026.01.29 18:00:00,buy,0.60,usdjpy,152.818,0.000,0.000,2026.01.29 18:42:15,152.815,0.00,0.00,0.00,-1.18,#400 230417_RandomWalk_YHH_unlimited
108999463,2026.01.29 17:30:00,buy,0.60,usdcad,1.35761,0.00000,0.00000,2026.01.29 18:42:16,1.35258,0.00,0.00,0.00,-223.13,#500 230417_RandomWalk_YHH_unlimited
108999464,2026.01.29 17:30:00,buy,0.60,usdchf,0.77036,0.00000,0.00000,2026.01.29 18:42:16,0.76696,0.00,0.00,0.00,-265.99,#100 230417_RandomWalk_YHH_unlimited
108999465,2026.01.29 17:30:00,sell,0.60,eurusd,1.19088,0.00000,0.00000,2026.01.29 18:42:16,1.19473,0.00,0.00,0.00,-231.00,#300 230417_RandomWalk_YHH_unlimited
108981483,2026.01.29 16:55:53,sell,0.60,usdchf,0.76589,0.00000,0.00000,2026.01.29 18:42:17,0.76709,0.00,0.00,0.00,-93.86,#100 230417_RandomWalk_YHH_unlimited
108999460,2026.01.29 17:30:00,sell,0.60,gbpusd,1.37509,0.00000,0.00000,2026.01.29 18:42:17,1.37966,0.00,0.00,0.00,-274.20,#200 230417_RandomWalk_YHH_unlimited
108999461,2026.01.29 17:30:00,sell,0.60,audusd,0.69759,0.00000,0.00000,2026.01.29 18:42:17,0.70112,0.00,0.00,0.00,-211.80,#600 230417_RandomWalk_YHH_unlimited
108981468,2026.01.29 16:55:52,buy,0.60,audusd,0.70668,0.00000,0.00000,2026.01.29 18:42:18,0.70085,0.00,0.00,0.00,-349.80,#600 230417_RandomWalk_YHH_unlimited
108981474,2026.01.29 16:55:52,buy,0.60,gbpusd,1.38299,0.00000,0.00000,2026.01.29 18:42:18,1.37949,0.00,0.00,0.00,-210.00,#200 230417_RandomWalk_YHH_unlimited
108981476,2026.01.29 16:55:52,buy,0.60,eurusd,1.19695,0.00000,0.00000,2026.01.29 18:42:18,1.19457,0.00,0.00,0.00,-142.80,#300 230417_RandomWalk_YHH_unlimited
108981481,2026.01.29 16:55:53,sell,0.60,usdcad,1.35028,0.00000,0.00000,2026.01.29 18:42:18,1.35280,0.00,0.00,0.00,-111.77,#500 230417_RandomWalk_YHH_unlimited
109029202,2026.01.29 18:47:14,buy,0.60,gbpusd,1.37903,0.00000,0.00000,2026.01.29 19:10:00,1.38020,0.00,0.00,0.00,70.20,#200 230417_RandomWalk_YHH_unlimited
109029201,2026.01.29 18:47:14,buy,0.60,audusd,0.70137,0.00000,0.00000,2026.01.29 19:25:00,0.70307,0.00,0.00,0.00,102.00,#600 230417_RandomWalk_YHH_unlimited
109029205,2026.01.29 18:47:14,buy,0.60,eurusd,1.19477,0.00000,0.00000,2026.01.29 19:35:00,1.19577,0.00,0.00,0.00,60.00,#300 230417_RandomWalk_YHH_unlimited
109029218,2026.01.29 18:47:15,sell,0.60,usdchf,0.76721,0.00000,0.00000,2026.01.29 19:35:00,0.76636,0.00,0.00,0.00,66.55,#100 230417_RandomWalk_YHH_unlimited
109029226,2026.01.29 18:47:16,buy,0.60,usdjpy,152.858,0.000,0.000,2026.01.29 20:15:00,153.020,0.00,0.00,0.00,63.52,#400 230417_RandomWalk_YHH_unlimited
109029206,2026.01.29 18:47:14,sell,0.60,usdcad,1.35173,0.00000,0.00000,2026.01.29 20:50:00,1.34964,0.00,0.00,0.00,92.91,#500 230417_RandomWalk_YHH_unlimited
109047977,2026.01.29 20:15:01,buy,0.60,usdjpy,153.035,0.000,0.000,2026.01.29 22:10:01,153.189,0.00,0.00,0.00,60.32,#400 230417_RandomWalk_YHH_unlimited
109041406,2026.01.29 19:35:01,sell,0.60,usdchf,0.76625,0.00000,0.00000,2026.01.29 22:40:03,0.76543,0.00,0.00,0.00,64.28,#100 230417_RandomWalk_YHH_unlimited
109039076,2026.01.29 19:25:00,buy,0.60,audusd,0.70322,0.00000,0.00000,2026.01.29 22:55:00,0.70466,0.00,0.00,0.00,86.40,#600 230417_RandomWalk_YHH_unlimited
109041407,2026.01.29 19:35:01,buy,0.60,eurusd,1.19591,0.00000,0.00000,2026.01.29 23:45:00,1.19695,0.00,0.00,0.00,62.40,#300 230417_RandomWalk_YHH_unlimited
109075065,2026.01.29 22:40:03,sell,0.60,usdchf,0.76532,0.00000,0.00000,2026.01.29 23:55:00,0.76449,0.00,0.00,0.00,65.14,#100 230417_RandomWalk_YHH_unlimited
109069909,2026.01.29 22:10:01,buy,0.60,usdjpy,153.205,0.000,0.000,2026.01.30 02:25:00,153.372,0.00,0.00,0.84,65.33,#400 230417_RandomWalk_YHH_unlimited
109029215,2026.01.29 18:47:15,buy,0.60,usdchf,0.76732,0.00000,0.00000,2026.01.30 02:40:00,0.76637,0.00,0.00,3.60,-74.38,#100 230417_RandomWalk_YHH_unlimited
109103566,2026.01.30 02:00:00,buy,0.60,usdchf,0.76448,0.00000,0.00000,2026.01.30 02:40:00,0.76637,0.00,0.00,0.00,147.97,#100 230417_RandomWalk_YHH_unlimited
109029210,2026.01.29 18:47:15,sell,0.60,eurusd,1.19464,0.00000,0.00000,2026.01.30 02:45:00,1.19355,0.00,0.00,1.22,65.40,#300 230417_RandomWalk_YHH_unlimited
109107510,2026.01.30 02:25:00,buy,0.60,usdjpy,153.386,0.000,0.000,2026.01.30 02:45:01,153.545,0.00,0.00,0.00,62.13,#400 230417_RandomWalk_YHH_unlimited
109029208,2026.01.29 18:47:14,sell,0.60,gbpusd,1.37888,0.00000,0.00000,2026.01.30 02:50:00,1.37782,0.00,0.00,-1.66,63.60,#200 230417_RandomWalk_YHH_unlimited
109029200,2026.01.29 18:47:14,buy,0.60,usdcad,1.35191,0.00000,0.00000,2026.01.30 02:55:00,1.35132,0.00,0.00,5.38,-26.20,#500 230417_RandomWalk_YHH_unlimited
109079174,2026.01.29 23:00:00,buy,0.60,usdcad,1.34912,0.00000,0.00000,2026.01.30 02:55:00,1.35126,0.00,0.00,5.38,95.02,#500 230417_RandomWalk_YHH_unlimited
109110241,2026.01.30 02:40:01,buy,0.60,usdchf,0.76646,0.00000,0.00000,2026.01.30 03:05:00,0.76760,0.00,0.00,0.00,89.11,#100 230417_RandomWalk_YHH_unlimited
109029207,2026.01.29 18:47:14,sell,0.60,audusd,0.70119,0.00000,0.00000,2026.01.30 03:10:00,0.70170,0.00,0.00,-1.03,-30.60,#600 230417_RandomWalk_YHH_unlimited
109079173,2026.01.29 23:00:00,sell,0.60,audusd,0.70446,0.00000,0.00000,2026.01.30 03:10:00,0.70170,0.00,0.00,-1.03,165.60,#600 230417_RandomWalk_YHH_unlimited
109112079,2026.01.30 02:50:02,sell,0.60,gbpusd,1.37779,0.00000,0.00000,2026.01.30 03:10:00,1.37678,0.00,0.00,0.00,60.60,#200 230417_RandomWalk_YHH_unlimited
109111224,2026.01.30 02:45:01,sell,0.60,eurusd,1.19349,0.00000,0.00000,2026.01.30 04:00:00,1.19177,0.00,0.00,0.00,103.20,#300 230417_RandomWalk_YHH_unlimited
109111228,2026.01.30 02:45:01,buy,0.60,usdjpy,153.558,0.000,0.000,2026.01.30 04:00:00,153.747,0.00,0.00,0.00,73.76,#400 230417_RandomWalk_YHH_unlimited
109116443,2026.01.30 03:10:01,sell,0.60,gbpusd,1.37661,0.00000,0.00000,2026.01.30 04:05:00,1.37533,0.00,0.00,0.00,76.80,#200 230417_RandomWalk_YHH_unlimited
109116444,2026.01.30 03:10:01,sell,0.60,audusd,0.70156,0.00000,0.00000,2026.01.30 04:05:00,0.69972,0.00,0.00,0.00,110.40,#600 230417_RandomWalk_YHH_unlimited
109115139,2026.01.30 03:05:01,buy,0.60,usdchf,0.76771,0.00000,0.00000,2026.01.30 04:05:01,0.76851,0.00,0.00,0.00,62.46,#100 230417_RandomWalk_YHH_unlimited
109112938,2026.01.30 02:55:01,buy,0.60,usdcad,1.35151,0.00000,0.00000,2026.01.30 04:05:04,1.35353,0.00,0.00,0.00,89.54,#500 230417_RandomWalk_YHH_unlimited
109127656,2026.01.30 04:00:01,buy,0.60,usdjpy,153.762,0.000,0.000,2026.01.30 04:10:00,153.931,0.00,0.00,0.00,65.87,#400 230417_RandomWalk_YHH_unlimited
109129415,2026.01.30 04:05:00,sell,0.60,audusd,0.69956,0.00000,0.00000,2026.01.30 04:25:00,0.69843,0.00,0.00,0.00,67.80,#600 230417_RandomWalk_YHH_unlimited
109127635,2026.01.30 04:00:00,sell,0.60,eurusd,1.19164,0.00000,0.00000,2026.01.30 04:35:00,1.19018,0.00,0.00,0.00,87.60,#300 230417_RandomWalk_YHH_unlimited
109129436,2026.01.30 04:05:03,buy,0.60,usdchf,0.76865,0.00000,0.00000,2026.01.30 04:35:00,0.76954,0.00,0.00,0.00,69.39,#100 230417_RandomWalk_YHH_unlimited
109131063,2026.01.30 04:10:00,buy,0.60,usdjpy,153.942,0.000,0.000,2026.01.30 11:20:00,154.096,0.00,0.00,0.00,59.96,#400 230417_RandomWalk_YHH_unlimited
109129412,2026.01.30 04:05:00,sell,0.60,gbpusd,1.37514,0.00000,0.00000,2026.01.30 11:50:00,1.37384,0.00,0.00,0.00,78.00,#200 230417_RandomWalk_YHH_unlimited
109140403,2026.01.30 04:35:02,sell,0.60,eurusd,1.19006,0.00000,0.00000,2026.01.30 11:50:00,1.19080,0.00,0.00,0.00,-44.40,#300 230417_RandomWalk_YHH_unlimited
109210981,2026.01.30 10:00:00,sell,0.60,eurusd,1.19387,0.00000,0.00000,2026.01.30 11:50:00,1.19079,0.00,0.00,0.00,184.80,#300 230417_RandomWalk_YHH_unlimited
109129456,2026.01.30 04:05:05,buy,0.60,usdcad,1.35371,0.00000,0.00000,2026.01.30 11:55:00,1.35513,0.00,0.00,0.00,62.87,#500 230417_RandomWalk_YHH_unlimited
109137279,2026.01.30 04:25:00,sell,0.60,audusd,0.69827,0.00000,0.00000,2026.01.30 11:55:00,0.69707,0.00,0.00,0.00,72.00,#600 230417_RandomWalk_YHH_unlimited
109232609,2026.01.30 11:20:00,buy,0.60,usdjpy,154.110,0.000,0.000,2026.01.30 11:55:00,154.275,0.00,0.00,0.00,64.17,#400 230417_RandomWalk_YHH_unlimited
109250074,2026.01.30 13:00:00,sell,0.60,audusd,0.69954,0.00000,0.00000,2026.01.30 13:54:09,0.70198,0.00,0.00,0.00,-146.40,#600 230417_RandomWalk_YHH_unlimited
109242820,2026.01.30 12:00:00,buy,0.60,audusd,0.69765,0.00000,0.00000,2026.01.30 13:54:10,0.70176,0.00,0.00,0.00,246.60,#600 230417_RandomWalk_YHH_unlimited
109242822,2026.01.30 12:00:00,sell,0.60,usdjpy,154.278,0.000,0.000,2026.01.30 13:54:10,153.963,0.00,0.00,0.00,122.76,#400 230417_RandomWalk_YHH_unlimited
109242837,2026.01.30 12:00:00,sell,1.20,usdjpy,154.278,0.000,0.000,2026.01.30 13:54:10,153.963,0.00,0.00,0.00,245.51,#401 230417_RandomWalk_YHH_unlimited
109241507,2026.01.30 11:55:00,buy,0.60,usdcad,1.35532,0.00000,0.00000,2026.01.30 13:54:11,1.35112,0.00,0.00,0.00,-186.51,#500 230417_RandomWalk_YHH_unlimited
109241508,2026.01.30 11:55:00,buy,0.60,usdjpy,154.285,0.000,0.000,2026.01.30 13:54:11,153.950,0.00,0.00,0.00,-130.56,#400 230417_RandomWalk_YHH_unlimited
109242818,2026.01.30 12:00:00,sell,0.60,usdchf,0.76973,0.00000,0.00000,2026.01.30 13:54:11,0.76753,0.00,0.00,0.00,171.98,#100 230417_RandomWalk_YHH_unlimited
109173708,2026.01.30 07:00:03,buy,0.60,gbpusd,1.37533,0.00000,0.00000,2026.01.30 13:54:12,1.37750,0.00,0.00,0.00,130.20,#200 230417_RandomWalk_YHH_unlimited
109240065,2026.01.30 11:50:01,sell,0.60,eurusd,1.19065,0.00000,0.00000,2026.01.30 13:54:12,1.19451,0.00,0.00,0.00,-231.60,#300 230417_RandomWalk_YHH_unlimited
109240068,2026.01.30 11:50:01,sell,0.60,gbpusd,1.37356,0.00000,0.00000,2026.01.30 13:54:12,1.37768,0.00,0.00,0.00,-247.20,#200 230417_RandomWalk_YHH_unlimited
109241505,2026.01.30 11:55:00,sell,0.60,audusd,0.69695,0.00000,0.00000,2026.01.30 13:54:12,0.70195,0.00,0.00,0.00,-300.00,#600 230417_RandomWalk_YHH_unlimited
109127662,2026.01.30 04:00:01,sell,0.60,usdjpy,153.747,0.000,0.000,2026.01.30 13:54:13,153.960,0.00,0.00,0.00,-83.01,#400 230417_RandomWalk_YHH_unlimited
109127669,2026.01.30 04:00:02,sell,1.20,usdjpy,153.749,0.000,0.000,2026.01.30 13:54:13,153.960,0.00,0.00,0.00,-164.46,#401 230417_RandomWalk_YHH_unlimited
109140393,2026.01.30 04:35:00,buy,0.60,usdchf,0.76967,0.00000,0.00000,2026.01.30 13:54:13,0.76743,0.00,0.00,0.00,-175.13,#100 230417_RandomWalk_YHH_unlimited
109113655,2026.01.30 03:00:00,sell,0.60,usdjpy,153.496,0.000,0.000,2026.01.30 13:54:14,153.960,0.00,0.00,0.00,-180.83,#400 230417_RandomWalk_YHH_unlimited
109113656,2026.01.30 03:00:00,sell,0.60,usdchf,0.76711,0.00000,0.00000,2026.01.30 13:54:14,0.76753,0.00,0.00,0.00,-32.83,#100 230417_RandomWalk_YHH_unlimited
109127626,2026.01.30 04:00:00,buy,0.60,audusd,0.70070,0.00000,0.00000,2026.01.30 13:54:14,0.70180,0.00,0.00,0.00,66.00,#600 230417_RandomWalk_YHH_unlimited
109127638,2026.01.30 04:00:00,sell,0.60,usdcad,1.35279,0.00000,0.00000,2026.01.30 13:54:14,1.35129,0.00,0.00,0.00,66.60,#500 230417_RandomWalk_YHH_unlimited
109079181,2026.01.29 23:00:00,sell,0.60,usdjpy,153.111,0.000,0.000,2026.01.30 13:54:15,153.960,0.00,0.00,-7.31,-330.87,#400 230417_RandomWalk_YHH_unlimited
109113638,2026.01.30 03:00:00,buy,0.60,gbpusd,1.37785,0.00000,0.00000,2026.01.30 13:54:15,1.37751,0.00,0.00,0.00,-20.40,#200 230417_RandomWalk_YHH_unlimited
109113654,2026.01.30 03:00:00,buy,0.60,eurusd,1.19327,0.00000,0.00000,2026.01.30 13:54:15,1.19437,0.00,0.00,0.00,66.00,#300 230417_RandomWalk_YHH_unlimited
109029235,2026.01.29 18:47:16,sell,0.60,usdjpy,152.858,0.000,0.000,2026.01.30 13:54:16,153.960,0.00,0.00,-7.31,-429.46,#400 230417_RandomWalk_YHH_unlimited
109034698,2026.01.29 19:10:00,buy,0.60,gbpusd,1.38037,0.00000,0.00000,2026.01.30 13:54:16,1.37751,0.00,0.00,-1.72,-171.60,#200 230417_RandomWalk_YHH_unlimited
109052870,2026.01.29 20:50:00,sell,0.60,usdcad,1.34946,0.00000,0.00000,2026.01.30 13:54:16,1.35128,0.00,0.00,-9.76,-80.81,#500 230417_RandomWalk_YHH_unlimited
109085968,2026.01.29 23:55:00,sell,0.60,usdchf,0.76430,0.00000,0.00000,2026.01.30 13:54:16,0.76753,0.00,0.00,-8.49,-252.50,#100 230417_RandomWalk_YHH_unlimited
109077992,2026.01.29 22:55:00,buy,0.60,audusd,0.70485,0.00000,0.00000,2026.01.30 13:54:17,0.70179,0.00,0.00,-1.15,-183.60,#600 230417_RandomWalk_YHH_unlimited
109085198,2026.01.29 23:45:00,buy,0.60,eurusd,1.19709,0.00000,0.00000,2026.01.30 13:54:17,1.19436,0.00,0.00,-5.00,-163.80,#300 230417_RandomWalk_YHH_unlimited
109255653,2026.01.30 13:59:11,sell,0.60,eurusd,1.19480,0.00000,0.00000,2026.01.30 14:40:01,1.19357,0.00,0.00,0.00,73.80,#300 230417_RandomWalk_YHH_unlimited
109255654,2026.01.30 13:59:11,sell,0.60,audusd,0.70226,0.00000,0.00000,2026.01.30 14:45:00,0.70112,0.00,0.00,0.00,68.40,#600 230417_RandomWalk_YHH_unlimited
109255650,2026.01.30 13:59:11,buy,0.60,usdchf,0.76707,0.00000,0.00000,2026.01.30 14:45:01,0.76812,0.00,0.00,0.00,82.02,#100 230417_RandomWalk_YHH_unlimited
109255652,2026.01.30 13:59:11,sell,0.60,gbpusd,1.37773,0.00000,0.00000,2026.01.30 14:50:00,1.37625,0.00,0.00,0.00,88.80,#200 230417_RandomWalk_YHH_unlimited
109258227,2026.01.30 14:40:02,sell,0.60,eurusd,1.19345,0.00000,0.00000,2026.01.30 14:50:00,1.19240,0.00,0.00,0.00,63.00,#300 230417_RandomWalk_YHH_unlimited
109255659,2026.01.30 13:59:16,buy,0.60,usdcad,1.35076,0.00000,0.00000,2026.01.30 14:50:01,1.35227,0.00,0.00,0.00,67.00,#500 230417_RandomWalk_YHH_unlimited
109255651,2026.01.30 13:59:11,buy,0.60,usdjpy,153.876,0.000,0.000,2026.01.30 14:55:00,154.056,0.00,0.00,0.00,70.10,#400 230417_RandomWalk_YHH_unlimited
109259871,2026.01.30 14:50:01,sell,0.60,gbpusd,1.37608,0.00000,0.00000,2026.01.30 15:35:00,1.37504,0.00,0.00,0.00,62.40,#200 230417_RandomWalk_YHH_unlimited
109259877,2026.01.30 14:50:02,buy,0.60,usdcad,1.35238,0.00000,0.00000,2026.01.30 15:40:00,1.35377,0.00,0.00,0.00,61.61,#500 230417_RandomWalk_YHH_unlimited
109260566,2026.01.30 14:55:00,buy,0.60,usdjpy,154.070,0.000,0.000,2026.01.30 15:40:01,154.247,0.00,0.00,0.00,68.85,#400 230417_RandomWalk_YHH_unlimited
109258493,2026.01.30 14:45:00,sell,0.60,audusd,0.70096,0.00000,0.00000,2026.01.30 15:50:00,0.69985,0.00,0.00,0.00,66.60,#600 230417_RandomWalk_YHH_unlimited
109259872,2026.01.30 14:50:01,sell,0.60,eurusd,1.19228,0.00000,0.00000,2026.01.30 15:50:00,1.19078,0.00,0.00,0.00,90.00,#300 230417_RandomWalk_YHH_unlimited
109258496,2026.01.30 14:45:01,buy,0.60,usdchf,0.76824,0.00000,0.00000,2026.01.30 15:50:02,0.76916,0.00,0.00,0.00,71.77,#100 230417_RandomWalk_YHH_unlimited
109255649,2026.01.30 13:59:11,buy,0.60,audusd,0.70244,0.00000,0.00000,2026.01.30 16:35:00,0.70182,0.00,0.00,0.00,-37.20,#600 230417_RandomWalk_YHH_unlimited
109273151,2026.01.30 16:00:00,buy,0.60,audusd,0.69919,0.00000,0.00000,2026.01.30 16:35:00,0.70182,0.00,0.00,0.00,157.80,#600 230417_RandomWalk_YHH_unlimited
109255660,2026.01.30 13:59:16,sell,0.60,usdcad,1.35059,0.00000,0.00000,2026.01.30 16:50:00,1.35162,0.00,0.00,0.00,-45.72,#500 230417_RandomWalk_YHH_unlimited
109269684,2026.01.30 15:40:03,buy,0.60,usdjpy,154.258,0.000,0.000,2026.01.30 16:50:00,154.426,0.00,0.00,0.00,65.27,#400 230417_RandomWalk_YHH_unlimited
109273152,2026.01.30 16:00:00,sell,0.60,usdcad,1.35440,0.00000,0.00000,2026.01.30 16:50:00,1.35162,0.00,0.00,0.00,123.41,#500 230417_RandomWalk_YHH_unlimited
109268951,2026.01.30 15:35:00,sell,0.60,gbpusd,1.37487,0.00000,0.00000,2026.01.30 17:05:00,1.37239,0.00,0.00,0.00,148.80,#200 230417_RandomWalk_YHH_unlimited
109271156,2026.01.30 15:50:00,sell,0.60,eurusd,1.19064,0.00000,0.00000,2026.01.30 17:05:00,1.18920,0.00,0.00,0.00,86.40,#300 230417_RandomWalk_YHH_unlimited
109282320,2026.01.30 16:50:00,buy,0.60,usdjpy,154.436,0.000,0.000,2026.01.30 17:05:00,154.666,0.00,0.00,0.00,89.22,#400 230417_RandomWalk_YHH_unlimited
109271167,2026.01.30 15:50:02,buy,0.60,usdchf,0.76928,0.00000,0.00000,2026.01.30 18:05:00,0.77058,0.00,0.00,0.00,101.22,#100 230417_RandomWalk_YHH_unlimited
109269674,2026.01.30 15:40:01,buy,0.60,usdcad,1.35386,0.00000,0.00000,2026.01.30 18:20:00,1.35591,0.00,0.00,0.00,90.71,#500 230417_RandomWalk_YHH_unlimited
109286414,2026.01.30 17:05:00,sell,0.60,eurusd,1.18917,0.00000,0.00000,2026.01.30 18:25:04,1.18808,0.00,0.00,0.00,65.40,#300 230417_RandomWalk_YHH_unlimited
109271159,2026.01.30 15:50:01,sell,0.60,audusd,0.69967,0.00000,0.00000,2026.01.30 19:10:00,0.69828,0.00,0.00,0.00,83.40,#600 230417_RandomWalk_YHH_unlimited
109302588,2026.01.30 18:05:00,buy,0.60,usdchf,0.77066,0.00000,0.00000,2026.01.30 19:10:00,0.77149,0.00,0.00,0.00,64.55,#100 230417_RandomWalk_YHH_unlimited
109286419,2026.01.30 17:05:01,sell,0.60,gbpusd,1.37226,0.00000,0.00000,2026.01.30 19:15:00,1.37039,0.00,0.00,0.00,112.20,#200 230417_RandomWalk_YHH_unlimited
109308907,2026.01.30 18:25:04,sell,0.60,eurusd,1.18795,0.00000,0.00000,2026.01.30 19:20:00,1.18680,0.00,0.00,0.00,69.00,#300 230417_RandomWalk_YHH_unlimited
109307150,2026.01.30 18:20:01,buy,0.60,usdcad,1.35613,0.00000,0.00000,2026.01.30 19:40:00,1.35746,0.00,0.00,0.00,58.79,#500 230417_RandomWalk_YHH_unlimited
109324473,2026.01.30 19:10:00,sell,0.60,audusd,0.69812,0.00000,0.00000,2026.01.30 19:55:00,0.69700,0.00,0.00,0.00,67.20,#600 230417_RandomWalk_YHH_unlimited
109335112,2026.01.30 19:40:01,buy,0.60,usdcad,1.35763,0.00000,0.00000,2026.01.30 20:10:00,1.35959,0.00,0.00,0.00,86.50,#500 230417_RandomWalk_YHH_unlimited
109340322,2026.01.30 19:55:00,sell,0.60,audusd,0.69689,0.00000,0.00000,2026.01.30 20:20:00,0.69531,0.00,0.00,0.00,94.80,#600 230417_RandomWalk_YHH_unlimited
109326426,2026.01.30 19:15:01,sell,0.60,gbpusd,1.37033,0.00000,0.00000,2026.01.30 20:25:00,1.36926,0.00,0.00,0.00,64.20,#200 230417_RandomWalk_YHH_unlimited
109324474,2026.01.30 19:10:00,buy,0.60,usdchf,0.77159,0.00000,0.00000,2026.01.30 20:30:00,0.77265,0.00,0.00,0.00,82.31,#100 230417_RandomWalk_YHH_unlimited
109345929,2026.01.30 20:10:01,buy,0.60,usdcad,1.35978,0.00000,0.00000,2026.01.30 20:40:00,1.36139,0.00,0.00,0.00,70.96,#500 230417_RandomWalk_YHH_unlimited
109321229,2026.01.30 19:00:01,buy,0.60,usdjpy,154.352,0.000,0.000,2026.01.30 20:40:01,154.603,0.00,0.00,0.00,97.41,#400 230417_RandomWalk_YHH_unlimited
109286420,2026.01.30 17:05:01,buy,0.60,usdjpy,154.679,0.000,0.000,2026.01.30 20:40:02,154.603,0.00,0.00,0.00,-29.49,#400 230417_RandomWalk_YHH_unlimited
109328144,2026.01.30 19:20:00,sell,0.60,eurusd,1.18666,0.00000,0.00000,2026.01.30 23:00:00,1.18540,0.00,0.00,0.00,75.60,#300 230417_RandomWalk_YHH_unlimited
109362072,2026.01.30 21:00:00,buy,0.60,usdcad,1.35807,0.00000,0.00000,2026.01.30 23:00:00,1.36156,0.00,0.00,0.00,153.79,#500 230417_RandomWalk_YHH_unlimited
109355073,2026.01.30 20:40:01,buy,0.60,usdcad,1.36159,0.00000,0.00000,2026.01.30 23:00:01,1.36155,0.00,0.00,0.00,-1.76,#500 230417_RandomWalk_YHH_unlimited
109355080,2026.01.30 20:40:02,buy,0.60,usdjpy,154.615,0.000,0.000,2026.01.30 23:40:02,154.785,0.00,0.00,0.00,65.90,#400 230417_RandomWalk_YHH_unlimited
109362070,2026.01.30 21:00:00,sell,0.60,audusd,0.69766,0.00000,0.00000,2026.02.02 00:10:01,0.69584,0.00,0.00,-1.13,109.20,#600 230417_RandomWalk_YHH_unlimited
109349753,2026.01.30 20:20:01,sell,0.60,audusd,0.69514,0.00000,0.00000,2026.02.02 00:10:02,0.69584,0.00,0.00,-1.13,-42.00,#600 230417_RandomWalk_YHH_unlimited
109405327,2026.01.30 23:40:02,buy,0.60,usdjpy,154.799,0.000,0.000,2026.02.02 00:20:00,155.010,0.00,0.00,0.65,81.67,#400 230417_RandomWalk_YHH_unlimited
109409110,2026.02.02 00:20:33,buy,0.60,usdjpy,155.160,0.000,0.000,2026.02.02 00:30:00,155.355,0.00,0.00,0.00,75.31,#400 230417_RandomWalk_YHH_unlimited
109352563,2026.01.30 20:30:00,buy,0.60,usdchf,0.77277,0.00000,0.00000,2026.02.02 01:05:00,0.77358,0.00,0.00,3.40,62.82,#100 230417_RandomWalk_YHH_unlimited
109351178,2026.01.30 20:25:00,sell,0.60,gbpusd,1.36907,0.00000,0.00000,2026.02.02 01:05:04,1.36800,0.00,0.00,-1.73,64.20,#200 230417_RandomWalk_YHH_unlimited
109398228,2026.01.30 23:00:01,sell,0.60,eurusd,1.18527,0.00000,0.00000,2026.02.02 01:10:00,1.18416,0.00,0.00,0.89,66.60,#300 230417_RandomWalk_YHH_unlimited
109398234,2026.01.30 23:00:01,buy,0.60,usdcad,1.36177,0.00000,0.00000,2026.02.02 01:10:00,1.36470,0.00,0.00,1.71,128.82,#500 230417_RandomWalk_YHH_unlimited
109409280,2026.02.02 00:38:19,sell,0.60,audusd,0.69444,0.00000,0.00000,2026.02.02 01:15:00,0.69307,0.00,0.00,0.00,82.20,#600 230417_RandomWalk_YHH_unlimited
109410268,2026.02.02 01:05:04,sell,0.60,gbpusd,1.36782,0.00000,0.00000,2026.02.02 01:15:00,1.36672,0.00,0.00,0.00,66.00,#200 230417_RandomWalk_YHH_unlimited
109398227,2026.01.30 23:00:00,buy,1.20,gbpusd,1.36842,0.00000,0.00000,2026.02.02 02:15:00,1.37021,0.00,0.00,-3.27,214.80,#201 230417_RandomWalk_YHH_unlimited
109409444,2026.02.02 01:00:00,buy,1.20,eurusd,1.18510,0.00000,0.00000,2026.02.02 02:15:00,1.18715,0.00,0.00,0.00,246.00,#301 230417_RandomWalk_YHH_unlimited
109418022,2026.02.02 02:00:00,sell,1.20,usdjpy,155.195,0.000,0.000,2026.02.02 02:15:00,154.869,0.00,0.00,0.00,252.60,#401 230417_RandomWalk_YHH_unlimited
109418025,2026.02.02 02:00:00,sell,1.20,usdcad,1.36373,0.00000,0.00000,2026.02.02 02:15:00,1.36172,0.00,0.00,0.00,177.13,#501 230417_RandomWalk_YHH_unlimited
109410693,2026.02.02 01:10:01,buy,0.60,usdcad,1.36491,0.00000,0.00000,2026.02.02 03:20:00,1.36428,0.00,0.00,0.00,-27.71,#500 230417_RandomWalk_YHH_unlimited
109438706,2026.02.02 03:00:00,buy,0.60,usdcad,1.36192,0.00000,0.00000,2026.02.02 03:20:00,1.36428,0.00,0.00,0.00,103.79,#500 230417_RandomWalk_YHH_unlimited
109438705,2026.02.02 03:00:00,sell,1.20,usdjpy,155.235,0.000,0.000,2026.02.02 04:45:00,154.937,0.00,0.00,0.00,230.80,#401 230417_RandomWalk_YHH_unlimited
109423284,2026.02.02 02:15:01,sell,1.20,usdjpy,154.853,0.000,0.000,2026.02.02 04:45:01,154.936,0.00,0.00,0.00,-64.28,#401 230417_RandomWalk_YHH_unlimited
109411092,2026.02.02 01:15:00,sell,0.60,audusd,0.69293,0.00000,0.00000,2026.02.02 06:00:00,0.69417,0.00,0.00,0.00,-74.40,#600 230417_RandomWalk_YHH_unlimited
109438701,2026.02.02 03:00:00,sell,0.60,audusd,0.69650,0.00000,0.00000,2026.02.02 06:00:00,0.69418,0.00,0.00,0.00,139.20,#600 230417_RandomWalk_YHH_unlimited
109472264,2026.02.02 04:45:01,sell,1.20,usdjpy,154.922,0.000,0.000,2026.02.02 06:15:00,154.798,0.00,0.00,0.00,96.13,#401 230417_RandomWalk_YHH_unlimited
109438700,2026.02.02 03:00:00,sell,0.60,gbpusd,1.36993,0.00000,0.00000,2026.02.02 07:30:00,1.36729,0.00,0.00,0.00,158.40,#200 230417_RandomWalk_YHH_unlimited
109448487,2026.02.02 03:20:01,buy,0.60,usdcad,1.36448,0.00000,0.00000,2026.02.02 07:30:00,1.36585,0.00,0.00,0.00,60.18,#500 230417_RandomWalk_YHH_unlimited
109491233,2026.02.02 06:00:01,sell,0.60,audusd,0.69401,0.00000,0.00000,2026.02.02 07:30:00,0.69263,0.00,0.00,0.00,82.80,#600 230417_RandomWalk_YHH_unlimited
109411093,2026.02.02 01:15:00,sell,0.60,gbpusd,1.36651,0.00000,0.00000,2026.02.02 07:30:01,1.36728,0.00,0.00,0.00,-46.20,#200 230417_RandomWalk_YHH_unlimited
109410691,2026.02.02 01:10:00,sell,0.60,eurusd,1.18406,0.00000,0.00000,2026.02.02 07:50:00,1.18474,0.00,0.00,0.00,-40.80,#300 230417_RandomWalk_YHH_unlimited
109438704,2026.02.02 03:00:00,sell,0.60,eurusd,1.18657,0.00000,0.00000,2026.02.02 07:50:00,1.18474,0.00,0.00,0.00,109.80,#300 230417_RandomWalk_YHH_unlimited
109509730,2026.02.02 07:30:01,sell,0.60,audusd,0.69247,0.00000,0.00000,2026.02.02 08:25:00,0.69121,0.00,0.00,0.00,75.60,#600 230417_RandomWalk_YHH_unlimited
109495792,2026.02.02 06:15:00,sell,1.20,usdjpy,154.784,0.000,0.000,2026.02.02 08:45:00,154.625,0.00,0.00,0.00,123.40,#401 230417_RandomWalk_YHH_unlimited
109518303,2026.02.02 08:00:01,buy,1.20,audusd,0.69264,0.00000,0.00000,2026.02.02 09:30:00,0.69397,0.00,0.00,0.00,159.60,#601 230417_RandomWalk_YHH_unlimited
109545820,2026.02.02 09:30:00,buy,1.20,audusd,0.69413,0.00000,0.00000,2026.02.02 10:15:00,0.69471,0.00,0.00,0.00,69.60,#601 230417_RandomWalk_YHH_unlimited
109558420,2026.02.02 10:15:00,buy,1.20,audusd,0.69488,0.00000,0.00000,2026.02.02 10:30:00,0.69541,0.00,0.00,0.00,63.60,#601 230417_RandomWalk_YHH_unlimited
109423277,2026.02.02 02:15:01,buy,1.20,gbpusd,1.37038,0.00000,0.00000,2026.02.02 10:30:01,1.36924,0.00,0.00,0.00,-136.80,#201 230417_RandomWalk_YHH_unlimited
109518293,2026.02.02 08:00:00,buy,1.20,gbpusd,1.36736,0.00000,0.00000,2026.02.02 10:30:01,1.36924,0.00,0.00,0.00,225.60,#201 230417_RandomWalk_YHH_unlimited
109561646,2026.02.02 10:30:00,buy,1.20,audusd,0.69557,0.00000,0.00000,2026.02.02 10:35:50,0.69577,0.00,0.00,0.00,24.00,#601 230417_RandomWalk_YHH_unlimited
109561652,2026.02.02 10:30:02,buy,1.20,gbpusd,1.36945,0.00000,0.00000,2026.02.02 10:35:50,1.36993,0.00,0.00,0.00,57.60,#201 230417_RandomWalk_YHH_unlimited
109536812,2026.02.02 09:00:00,buy,0.60,usdjpy,154.604,0.000,0.000,2026.02.02 10:35:51,154.911,0.00,0.00,0.00,118.91,#400 230417_RandomWalk_YHH_unlimited
109554232,2026.02.02 10:00:00,sell,0.60,audusd,0.69425,0.00000,0.00000,2026.02.02 10:35:51,0.69594,0.00,0.00,0.00,-101.40,#600 230417_RandomWalk_YHH_unlimited
109554233,2026.02.02 10:00:00,sell,1.20,usdjpy,154.887,0.000,0.000,2026.02.02 10:35:51,154.925,0.00,0.00,0.00,-29.43,#401 230417_RandomWalk_YHH_unlimited
109518299,2026.02.02 08:00:00,buy,0.60,audusd,0.69264,0.00000,0.00000,2026.02.02 10:35:52,0.69577,0.00,0.00,0.00,187.80,#600 230417_RandomWalk_YHH_unlimited
109524827,2026.02.02 08:25:01,sell,0.60,audusd,0.69102,0.00000,0.00000,2026.02.02 10:35:52,0.69594,0.00,0.00,0.00,-295.20,#600 230417_RandomWalk_YHH_unlimited
109531969,2026.02.02 08:45:00,sell,1.20,usdjpy,154.612,0.000,0.000,2026.02.02 10:35:52,154.926,0.00,0.00,0.00,-243.21,#401 230417_RandomWalk_YHH_unlimited
109475989,2026.02.02 05:00:00,sell,1.20,usdcad,1.36438,0.00000,0.00000,2026.02.02 10:35:53,1.36290,0.00,0.00,0.00,130.31,#501 230417_RandomWalk_YHH_unlimited
109509728,2026.02.02 07:30:00,buy,0.60,usdcad,1.36604,0.00000,0.00000,2026.02.02 10:35:53,1.36270,0.00,0.00,0.00,-147.06,#500 230417_RandomWalk_YHH_unlimited
109509733,2026.02.02 07:30:01,sell,0.60,gbpusd,1.36710,0.00000,0.00000,2026.02.02 10:35:53,1.37010,0.00,0.00,0.00,-180.00,#200 230417_RandomWalk_YHH_unlimited
109515173,2026.02.02 07:50:01,sell,0.60,eurusd,1.18459,0.00000,0.00000,2026.02.02 10:35:53,1.18649,0.00,0.00,0.00,-114.00,#300 230417_RandomWalk_YHH_unlimited
109423276,2026.02.02 02:15:01,buy,1.20,eurusd,1.18731,0.00000,0.00000,2026.02.02 10:35:54,1.18636,0.00,0.00,0.00,-114.00,#301 230417_RandomWalk_YHH_unlimited
109423280,2026.02.02 02:15:01,sell,1.20,usdcad,1.36152,0.00000,0.00000,2026.02.02 10:35:54,1.36289,0.00,0.00,0.00,-120.63,#501 230417_RandomWalk_YHH_unlimited
109461213,2026.02.02 04:00:00,buy,0.60,usdjpy,155.043,0.000,0.000,2026.02.02 10:35:54,154.909,0.00,0.00,0.00,-51.90,#400 230417_RandomWalk_YHH_unlimited
109410282,2026.02.02 01:05:08,buy,0.60,usdchf,0.77394,0.00000,0.00000,2026.02.02 10:35:55,0.77314,0.00,0.00,0.00,-62.08,#100 230417_RandomWalk_YHH_unlimited
109417997,2026.02.02 02:00:00,sell,0.60,usdchf,0.77371,0.00000,0.00000,2026.02.02 10:35:55,0.77325,0.00,0.00,0.00,35.69,#100 230417_RandomWalk_YHH_unlimited
109417998,2026.02.02 02:00:00,sell,0.60,usdjpy,155.202,0.000,0.000,2026.02.02 10:35:55,154.923,0.00,0.00,0.00,108.05,#400 230417_RandomWalk_YHH_unlimited
109418000,2026.02.02 02:00:00,sell,0.60,usdcad,1.36372,0.00000,0.00000,2026.02.02 10:35:55,1.36289,0.00,0.00,0.00,36.54,#500 230417_RandomWalk_YHH_unlimited
109398209,2026.01.30 23:00:00,sell,0.60,usdjpy,154.754,0.000,0.000,2026.02.02 10:35:56,154.927,0.00,0.00,-7.06,-67.00,#400 230417_RandomWalk_YHH_unlimited
109409192,2026.02.02 00:30:02,buy,0.60,usdjpy,155.363,0.000,0.000,2026.02.02 10:35:56,154.912,0.00,0.00,0.00,-174.68,#400 230417_RandomWalk_YHH_unlimited
109409439,2026.02.02 01:00:00,buy,0.60,eurusd,1.18510,0.00000,0.00000,2026.02.02 10:35:56,1.18633,0.00,0.00,0.00,73.80,#300 230417_RandomWalk_YHH_unlimited
109255656,2026.01.30 13:59:11,sell,0.60,usdjpy,153.863,0.000,0.000,2026.02.02 10:35:57,154.925,0.00,0.00,-7.06,-411.30,#400 230417_RandomWalk_YHH_unlimited
109273145,2026.01.30 16:00:00,sell,0.60,usdjpy,154.361,0.000,0.000,2026.02.02 10:35:57,154.924,0.00,0.00,-7.06,-218.04,#400 230417_RandomWalk_YHH_unlimited
109321220,2026.01.30 19:00:00,sell,0.60,usdchf,0.77100,0.00000,0.00000,2026.02.02 10:35:57,0.77324,0.00,0.00,-8.16,-173.81,#100 230417_RandomWalk_YHH_unlimited
109255655,2026.01.30 13:59:11,sell,0.60,usdchf,0.76695,0.00000,0.00000,2026.02.02 10:35:58,0.77324,0.00,0.00,-8.16,-488.08,#100 230417_RandomWalk_YHH_unlimited
109321222,2026.01.30 19:00:00,sell,0.60,usdcad,1.35570,0.00000,0.00000,2026.02.02 10:35:58,1.36287,0.00,0.00,-3.27,-315.66,#500 230417_RandomWalk_YHH_unlimited
109341960,2026.01.30 20:00:00,sell,0.60,usdcad,1.35827,0.00000,0.00000,2026.02.02 10:35:58,1.36287,0.00,0.00,-3.27,-202.51,#500 230417_RandomWalk_YHH_unlimited
109273146,2026.01.30 16:00:00,buy,0.60,gbpusd,1.37454,0.00000,0.00000,2026.02.02 10:35:59,1.36992,0.00,0.00,-1.64,-277.20,#200 230417_RandomWalk_YHH_unlimited
109282324,2026.01.30 16:50:01,sell,0.60,usdcad,1.35147,0.00000,0.00000,2026.02.02 10:35:59,1.36287,0.00,0.00,-3.27,-501.88,#500 230417_RandomWalk_YHH_unlimited
109341958,2026.01.30 20:00:00,buy,0.60,gbpusd,1.37095,0.00000,0.00000,2026.02.02 10:35:59,1.36992,0.00,0.00,-1.64,-61.80,#200 230417_RandomWalk_YHH_unlimited
109398210,2026.01.30 23:00:00,buy,0.60,gbpusd,1.36842,0.00000,0.00000,2026.02.02 10:35:59,1.36992,0.00,0.00,-1.64,90.00,#200 230417_RandomWalk_YHH_unlimited
109255647,2026.01.30 13:59:11,buy,0.60,gbpusd,1.37789,0.00000,0.00000,2026.02.02 10:36:00,1.36992,0.00,0.00,-1.64,-478.20,#200 230417_RandomWalk_YHH_unlimited
109261296,2026.01.30 15:00:00,buy,0.60,eurusd,1.19202,0.00000,0.00000,2026.02.02 10:36:00,1.18635,0.00,0.00,-4.64,-340.20,#300 230417_RandomWalk_YHH_unlimited
109321221,2026.01.30 19:00:00,buy,0.60,eurusd,1.18857,0.00000,0.00000,2026.02.02 10:36:00,1.18635,0.00,0.00,-4.64,-133.20,#300 230417_RandomWalk_YHH_unlimited
109255648,2026.01.30 13:59:11,buy,0.60,eurusd,1.19493,0.00000,0.00000,2026.02.02 10:36:01,1.18635,0.00,0.00,-4.64,-514.80,#300 230417_RandomWalk_YHH_unlimited
109279547,2026.01.30 16:35:01,buy,0.60,audusd,0.70197,0.00000,0.00000,2026.02.02 10:36:01,0.69577,0.00,0.00,-1.03,-372.00,#600 230417_RandomWalk_YHH_unlimited
109321219,2026.01.30 19:00:00,buy,0.60,audusd,0.69938,0.00000,0.00000,2026.02.02 10:36:01,0.69577,0.00,0.00,-1.03,-216.60,#600 230417_RandomWalk_YHH_unlimited
109398212,2026.01.30 23:00:00,buy,0.60,audusd,0.69641,0.00000,0.00000,2026.02.02 10:36:01,0.69577,0.00,0.00,-1.03,-38.40,#600 230417_RandomWalk_YHH_unlimited
109564332,2026.02.02 10:40:51,buy,0.60,usdchf,0.77364,0.00000,0.00000,2026.02.02 11:00:00,0.77456,0.00,0.00,0.00,71.27,#100 230417_RandomWalk_YHH_unlimited
109564343,2026.02.02 10:40:52,buy,0.60,usdcad,1.36338,0.00000,0.00000,2026.02.02 11:10:01,1.36478,0.00,0.00,0.00,61.55,#500 230417_RandomWalk_YHH_unlimited
109564352,2026.02.02 10:40:53,buy,0.60,gbpusd,1.36942,0.00000,0.00000,2026.02.02 11:50:00,1.37059,0.00,0.00,0.00,70.20,#200 230417_RandomWalk_YHH_unlimited
109564333,2026.02.02 10:40:51,buy,0.60,audusd,0.69529,0.00000,0.00000,2026.02.02 12:00:00,0.69632,0.00,0.00,0.00,61.80,#600 230417_RandomWalk_YHH_unlimited
109568636,2026.02.02 11:00:00,buy,0.60,usdchf,0.77474,0.00000,0.00000,2026.02.02 12:40:02,0.77568,0.00,0.00,0.00,72.71,#100 230417_RandomWalk_YHH_unlimited
109564342,2026.02.02 10:40:52,sell,0.60,usdjpy,154.916,0.000,0.000,2026.02.02 13:35:00,154.751,0.00,0.00,0.00,63.97,#400 230417_RandomWalk_YHH_unlimited
109564348,2026.02.02 10:40:52,buy,0.60,eurusd,1.18581,0.00000,0.00000,2026.02.02 13:35:01,1.18691,0.00,0.00,0.00,66.00,#300 230417_RandomWalk_YHH_unlimited
109564351,2026.02.02 10:40:53,sell,0.60,eurusd,1.18567,0.00000,0.00000,2026.02.02 14:40:03,1.18466,0.00,0.00,0.00,60.60,#300 230417_RandomWalk_YHH_unlimited
109564356,2026.02.02 10:40:53,sell,0.60,gbpusd,1.36926,0.00000,0.00000,2026.02.02 15:05:00,1.36753,0.00,0.00,0.00,103.80,#200 230417_RandomWalk_YHH_unlimited
109597015,2026.02.02 12:40:02,buy,0.60,usdchf,0.77581,0.00000,0.00000,2026.02.02 15:05:01,0.77693,0.00,0.00,0.00,86.49,#100 230417_RandomWalk_YHH_unlimited
109564340,2026.02.02 10:40:52,buy,0.60,usdjpy,154.931,0.000,0.000,2026.02.02 15:15:00,155.089,0.00,0.00,0.00,61.13,#400 230417_RandomWalk_YHH_unlimited
109626965,2026.02.02 14:40:04,sell,0.60,eurusd,1.18452,0.00000,0.00000,2026.02.02 15:20:00,1.18320,0.00,0.00,0.00,79.20,#300 230417_RandomWalk_YHH_unlimited
109634497,2026.02.02 15:05:02,buy,0.60,usdchf,0.77702,0.00000,0.00000,2026.02.02 15:20:00,0.77790,0.00,0.00,0.00,67.88,#100 230417_RandomWalk_YHH_unlimited
109634470,2026.02.02 15:05:00,sell,0.60,gbpusd,1.36736,0.00000,0.00000,2026.02.02 15:35:00,1.36619,0.00,0.00,0.00,70.20,#200 230417_RandomWalk_YHH_unlimited
109637152,2026.02.02 15:15:00,buy,0.60,usdjpy,155.103,0.000,0.000,2026.02.02 15:40:00,155.280,0.00,0.00,0.00,68.39,#400 230417_RandomWalk_YHH_unlimited
109638393,2026.02.02 15:20:00,buy,0.60,usdchf,0.77803,0.00000,0.00000,2026.02.02 15:40:00,0.77893,0.00,0.00,0.00,69.33,#100 230417_RandomWalk_YHH_unlimited
109571423,2026.02.02 11:10:01,buy,0.60,usdcad,1.36496,0.00000,0.00000,2026.02.02 16:00:00,1.36635,0.00,0.00,0.00,61.04,#500 230417_RandomWalk_YHH_unlimited
109638394,2026.02.02 15:20:00,sell,0.60,eurusd,1.18301,0.00000,0.00000,2026.02.02 16:05:00,1.18199,0.00,0.00,0.00,61.20,#300 230417_RandomWalk_YHH_unlimited
109642347,2026.02.02 15:35:01,sell,0.60,gbpusd,1.36602,0.00000,0.00000,2026.02.02 16:10:00,1.36445,0.00,0.00,0.00,94.20,#200 230417_RandomWalk_YHH_unlimited
109643710,2026.02.02 15:40:00,buy,0.60,usdchf,0.77904,0.00000,0.00000,2026.02.02 16:20:00,0.77990,0.00,0.00,0.00,66.16,#100 230417_RandomWalk_YHH_unlimited
109649857,2026.02.02 16:05:01,sell,0.60,eurusd,1.18187,0.00000,0.00000,2026.02.02 16:20:02,1.18072,0.00,0.00,0.00,69.00,#300 230417_RandomWalk_YHH_unlimited
109564347,2026.02.02 10:40:52,sell,0.60,usdcad,1.36327,0.00000,0.00000,2026.02.02 16:35:00,1.36403,0.00,0.00,0.00,-33.43,#500 230417_RandomWalk_YHH_unlimited
109648027,2026.02.02 16:00:01,sell,0.60,usdcad,1.36630,0.00000,0.00000,2026.02.02 16:35:00,1.36403,0.00,0.00,0.00,99.85,#500 230417_RandomWalk_YHH_unlimited
109643709,2026.02.02 15:40:00,buy,0.60,usdjpy,155.294,0.000,0.000,2026.02.02 17:00:00,155.479,0.00,0.00,0.00,71.39,#400 230417_RandomWalk_YHH_unlimited
109654909,2026.02.02 16:20:00,buy,0.60,usdchf,0.78000,0.00000,0.00000,2026.02.02 17:45:00,0.78091,0.00,0.00,0.00,69.92,#100 230417_RandomWalk_YHH_unlimited
109654923,2026.02.02 16:20:02,sell,0.60,eurusd,1.18057,0.00000,0.00000,2026.02.02 17:45:00,1.17942,0.00,0.00,0.00,69.00,#300 230417_RandomWalk_YHH_unlimited
109674023,2026.02.02 17:00:01,buy,0.60,usdjpy,155.476,0.000,0.000,2026.02.02 17:45:00,155.679,0.00,0.00,0.00,78.24,#400 230417_RandomWalk_YHH_unlimited
109648023,2026.02.02 16:00:00,buy,0.60,usdcad,1.36650,0.00000,0.00000,2026.02.02 17:55:00,1.36866,0.00,0.00,0.00,94.69,#500 230417_RandomWalk_YHH_unlimited
109651759,2026.02.02 16:10:00,sell,0.60,gbpusd,1.36428,0.00000,0.00000,2026.02.02 18:00:00,1.36289,0.00,0.00,0.00,83.40,#200 230417_RandomWalk_YHH_unlimited
109564336,2026.02.02 10:40:52,sell,0.60,audusd,0.69513,0.00000,0.00000,2026.02.02 20:20:00,0.69380,0.00,0.00,0.00,79.80,#600 230417_RandomWalk_YHH_unlimited
109693455,2026.02.02 17:45:01,sell,0.60,eurusd,1.17928,0.00000,0.00000,2026.02.02 20:20:00,1.17807,0.00,0.00,0.00,72.60,#300 230417_RandomWalk_YHH_unlimited
109585893,2026.02.02 12:00:00,buy,0.60,audusd,0.69641,0.00000,0.00000,2026.02.03 03:45:00,0.69763,0.00,0.00,-1.05,73.20,#600 230417_RandomWalk_YHH_unlimited
109582664,2026.02.02 11:50:00,buy,0.60,gbpusd,1.37076,0.00000,0.00000,2026.02.03 04:00:00,1.36853,0.00,0.00,-1.66,-133.80,#200 230417_RandomWalk_YHH_unlimited
109648008,2026.02.02 16:00:00,buy,0.60,gbpusd,1.36521,0.00000,0.00000,2026.02.03 04:00:00,1.36854,0.00,0.00,-1.66,199.80,#200 230417_RandomWalk_YHH_unlimited
109829473,2026.02.03 03:45:00,buy,0.60,audusd,0.69779,0.00000,0.00000,2026.02.03 05:35:00,0.70011,0.00,0.00,0.00,139.20,#600 230417_RandomWalk_YHH_unlimited
109860264,2026.02.03 05:35:00,buy,0.60,audusd,0.70029,0.00000,0.00000,2026.02.03 05:50:00,0.70158,0.00,0.00,0.00,77.40,#600 230417_RandomWalk_YHH_unlimited
109863868,2026.02.03 05:50:00,buy,0.60,audusd,0.70175,0.00000,0.00000,2026.02.03 06:10:00,0.70310,0.00,0.00,0.00,81.00,#600 230417_RandomWalk_YHH_unlimited
109833250,2026.02.03 04:00:01,buy,0.60,gbpusd,1.36870,0.00000,0.00000,2026.02.03 08:20:00,1.36971,0.00,0.00,0.00,60.60,#200 230417_RandomWalk_YHH_unlimited
109871139,2026.02.03 06:10:02,buy,0.60,audusd,0.70326,0.00000,0.00000,2026.02.03 09:35:00,0.70333,0.00,0.00,0.00,4.20,#600 230417_RandomWalk_YHH_unlimited
109906670,2026.02.03 08:00:00,buy,0.60,audusd,0.70070,0.00000,0.00000,2026.02.03 09:35:00,0.70336,0.00,0.00,0.00,159.60,#600 230417_RandomWalk_YHH_unlimited
109661584,2026.02.02 16:35:01,sell,0.60,usdcad,1.36388,0.00000,0.00000,2026.02.03 09:35:06,1.36570,0.00,0.00,-3.23,-79.96,#500 230417_RandomWalk_YHH_unlimited
109698693,2026.02.02 18:00:01,sell,0.60,usdcad,1.36907,0.00000,0.00000,2026.02.03 09:35:06,1.36570,0.00,0.00,-3.23,148.06,#500 230417_RandomWalk_YHH_unlimited
109938751,2026.02.03 09:35:01,buy,0.60,audusd,0.70348,0.00000,0.00000,2026.02.03 09:45:00,0.70456,0.00,0.00,0.00,64.80,#600 230417_RandomWalk_YHH_unlimited
109693452,2026.02.02 17:45:00,buy,0.60,usdjpy,155.691,0.000,0.000,2026.02.03 11:15:01,155.676,0.00,0.00,0.80,-5.78,#400 230417_RandomWalk_YHH_unlimited
109887259,2026.02.03 07:00:00,buy,0.60,usdjpy,155.423,0.000,0.000,2026.02.03 11:15:01,155.674,0.00,0.00,0.00,96.74,#400 230417_RandomWalk_YHH_unlimited
109696665,2026.02.02 17:55:00,buy,0.60,usdcad,1.36885,0.00000,0.00000,2026.02.03 11:30:00,1.36821,0.00,0.00,1.78,-28.07,#500 230417_RandomWalk_YHH_unlimited
109833235,2026.02.03 04:00:00,buy,0.60,usdcad,1.36624,0.00000,0.00000,2026.02.03 11:30:00,1.36822,0.00,0.00,0.00,86.83,#500 230417_RandomWalk_YHH_unlimited
109963778,2026.02.03 11:15:02,buy,0.60,usdjpy,155.689,0.000,0.000,2026.02.03 11:55:00,155.845,0.00,0.00,0.00,60.06,#400 230417_RandomWalk_YHH_unlimited
109743561,2026.02.02 20:20:00,sell,0.60,eurusd,1.17793,0.00000,0.00000,2026.02.03 13:05:00,1.17860,0.00,0.00,0.90,-40.20,#300 230417_RandomWalk_YHH_unlimited
109815506,2026.02.03 03:00:00,sell,0.60,eurusd,1.18061,0.00000,0.00000,2026.02.03 13:05:00,1.17860,0.00,0.00,0.00,120.60,#300 230417_RandomWalk_YHH_unlimited
109972984,2026.02.03 12:00:00,sell,0.60,usdcad,1.36830,0.00000,0.00000,2026.02.03 14:50:01,1.36603,0.00,0.00,0.00,99.70,#500 230417_RandomWalk_YHH_unlimited
109938793,2026.02.03 09:35:09,sell,0.60,usdcad,1.36551,0.00000,0.00000,2026.02.03 14:50:02,1.36603,0.00,0.00,0.00,-22.84,#500 230417_RandomWalk_YHH_unlimited
109982813,2026.02.03 13:00:00,sell,1.20,usdjpy,155.917,0.000,0.000,2026.02.03 15:15:00,155.799,0.00,0.00,0.00,90.89,#401 230417_RandomWalk_YHH_unlimited
109967193,2026.02.03 11:30:00,buy,0.60,usdcad,1.36839,0.00000,0.00000,2026.02.03 16:10:00,1.36783,0.00,0.00,0.00,-24.56,#500 230417_RandomWalk_YHH_unlimited
109972172,2026.02.03 11:55:01,buy,0.60,usdjpy,155.859,0.000,0.000,2026.02.03 16:10:00,156.061,0.00,0.00,0.00,77.66,#400 230417_RandomWalk_YHH_unlimited
110008902,2026.02.03 15:00:00,buy,0.60,usdcad,1.36579,0.00000,0.00000,2026.02.03 16:10:00,1.36783,0.00,0.00,0.00,89.48,#500 230417_RandomWalk_YHH_unlimited
109913518,2026.02.03 08:20:00,buy,0.60,gbpusd,1.36988,0.00000,0.00000,2026.02.03 17:25:00,1.36904,0.00,0.00,0.00,-50.40,#200 230417_RandomWalk_YHH_unlimited
109972986,2026.02.03 12:00:00,buy,0.60,gbpusd,1.36680,0.00000,0.00000,2026.02.03 17:25:00,1.36904,0.00,0.00,0.00,134.40,#200 230417_RandomWalk_YHH_unlimited
109632397,2026.02.02 15:00:00,sell,0.60,usdchf,0.77624,0.00000,0.00000,2026.02.03 17:30:00,0.77595,0.00,0.00,-8.08,22.42,#100 230417_RandomWalk_YHH_unlimited
109674003,2026.02.02 17:00:00,sell,0.60,usdchf,0.77998,0.00000,0.00000,2026.02.03 17:30:00,0.77595,0.00,0.00,-8.08,311.62,#100 230417_RandomWalk_YHH_unlimited
109564335,2026.02.02 10:40:52,sell,0.60,usdchf,0.77352,0.00000,0.00000,2026.02.03 17:30:01,0.77593,0.00,0.00,-8.08,-186.36,#100 230417_RandomWalk_YHH_unlimited
110062452,2026.02.03 17:25:01,buy,0.60,gbpusd,1.36918,0.00000,0.00000,2026.02.03 18:00:00,1.37024,0.00,0.00,0.00,63.60,#200 230417_RandomWalk_YHH_unlimited
110063730,2026.02.03 17:30:01,sell,0.60,usdchf,0.77578,0.00000,0.00000,2026.02.03 18:05:00,0.77486,0.00,0.00,0.00,71.24,#100 230417_RandomWalk_YHH_unlimited
110006910,2026.02.03 14:50:02,sell,0.60,usdcad,1.36585,0.00000,0.00000,2026.02.03 18:15:00,1.36418,0.00,0.00,0.00,73.45,#500 230417_RandomWalk_YHH_unlimited
110013206,2026.02.03 15:15:00,sell,1.20,usdjpy,155.783,0.000,0.000,2026.02.03 18:45:00,155.693,0.00,0.00,0.00,69.37,#401 230417_RandomWalk_YHH_unlimited
110093897,2026.02.03 18:45:03,sell,1.20,usdjpy,155.680,0.000,0.000,2026.02.03 20:44:12,155.791,0.00,0.00,0.00,-85.50,#401 230417_RandomWalk_YHH_unlimited
110073643,2026.02.03 18:00:01,buy,0.60,gbpusd,1.37040,0.00000,0.00000,2026.02.03 20:44:13,1.36776,0.00,0.00,0.00,-158.40,#200 230417_RandomWalk_YHH_unlimited
110075810,2026.02.03 18:05:01,sell,0.60,usdchf,0.77475,0.00000,0.00000,2026.02.03 20:44:13,0.77549,0.00,0.00,0.00,-57.25,#100 230417_RandomWalk_YHH_unlimited
110079731,2026.02.03 18:15:00,sell,0.60,usdcad,1.36403,0.00000,0.00000,2026.02.03 20:44:13,1.36510,0.00,0.00,0.00,-47.03,#500 230417_RandomWalk_YHH_unlimited
110073627,2026.02.03 18:00:00,buy,0.60,usdchf,0.77515,0.00000,0.00000,2026.02.03 20:44:14,0.77538,0.00,0.00,0.00,17.80,#100 230417_RandomWalk_YHH_unlimited
110073628,2026.02.03 18:00:00,buy,0.60,usdcad,1.36531,0.00000,0.00000,2026.02.03 20:44:14,1.36490,0.00,0.00,0.00,-18.02,#500 230417_RandomWalk_YHH_unlimited
110073635,2026.02.03 18:00:00,sell,0.60,eurusd,1.18127,0.00000,0.00000,2026.02.03 20:44:14,1.18117,0.00,0.00,0.00,6.00,#300 230417_RandomWalk_YHH_unlimited
110032096,2026.02.03 16:10:00,buy,0.60,usdjpy,156.072,0.000,0.000,2026.02.03 20:44:15,155.776,0.00,0.00,0.00,-114.01,#400 230417_RandomWalk_YHH_unlimited
110032100,2026.02.03 16:10:01,buy,0.60,usdcad,1.36800,0.00000,0.00000,2026.02.03 20:44:15,1.36490,0.00,0.00,0.00,-136.27,#500 230417_RandomWalk_YHH_unlimited
110073624,2026.02.03 18:00:00,buy,0.60,usdjpy,155.716,0.000,0.000,2026.02.03 20:44:15,155.776,0.00,0.00,0.00,23.11,#400 230417_RandomWalk_YHH_unlimited
109972985,2026.02.03 12:00:00,buy,0.60,audusd,0.70071,0.00000,0.00000,2026.02.03 20:44:16,0.70067,0.00,0.00,0.00,-2.40,#600 230417_RandomWalk_YHH_unlimited
109982798,2026.02.03 13:00:00,sell,0.60,usdjpy,155.919,0.000,0.000,2026.02.03 20:44:16,155.791,0.00,0.00,0.00,49.30,#400 230417_RandomWalk_YHH_unlimited
109983912,2026.02.03 13:05:06,sell,0.60,eurusd,1.17840,0.00000,0.00000,2026.02.03 20:44:16,1.18117,0.00,0.00,0.00,-166.20,#300 230417_RandomWalk_YHH_unlimited
109815505,2026.02.03 03:00:00,buy,0.60,usdchf,0.77845,0.00000,0.00000,2026.02.03 20:44:17,0.77539,0.00,0.00,0.00,-236.78,#100 230417_RandomWalk_YHH_unlimited
109867590,2026.02.03 06:00:00,sell,0.60,audusd,0.70215,0.00000,0.00000,2026.02.03 20:44:17,0.70082,0.00,0.00,0.00,79.80,#600 230417_RandomWalk_YHH_unlimited
109941481,2026.02.03 09:45:00,buy,0.60,audusd,0.70473,0.00000,0.00000,2026.02.03 20:44:17,0.70067,0.00,0.00,0.00,-243.60,#600 230417_RandomWalk_YHH_unlimited
109815495,2026.02.03 03:00:00,sell,0.60,audusd,0.69674,0.00000,0.00000,2026.02.03 20:44:18,0.70078,0.00,0.00,0.00,-242.40,#600 230417_RandomWalk_YHH_unlimited
109815502,2026.02.03 03:00:00,sell,0.60,gbpusd,1.36794,0.00000,0.00000,2026.02.03 20:44:18,1.36787,0.00,0.00,0.00,4.20,#200 230417_RandomWalk_YHH_unlimited
109698685,2026.02.02 18:00:00,sell,0.60,gbpusd,1.36274,0.00000,0.00000,2026.02.03 20:44:19,1.36786,0.00,0.00,-1.69,-307.20,#200 230417_RandomWalk_YHH_unlimited
109720769,2026.02.02 19:00:00,sell,0.60,gbpusd,1.36528,0.00000,0.00000,2026.02.03 20:44:19,1.36786,0.00,0.00,-1.69,-154.80,#200 230417_RandomWalk_YHH_unlimited
109743562,2026.02.02 20:20:00,sell,0.60,audusd,0.69364,0.00000,0.00000,2026.02.03 20:44:19,0.70078,0.00,0.00,-1.07,-428.40,#600 230417_RandomWalk_YHH_unlimited
109648006,2026.02.02 16:00:00,sell,0.60,usdjpy,155.227,0.000,0.000,2026.02.03 20:44:20,155.796,0.00,0.00,-7.06,-219.13,#400 230417_RandomWalk_YHH_unlimited
109693450,2026.02.02 17:45:00,buy,0.60,usdchf,0.78098,0.00000,0.00000,2026.02.03 20:44:20,0.77540,0.00,0.00,3.26,-431.78,#100 230417_RandomWalk_YHH_unlimited
109698664,2026.02.02 18:00:00,sell,0.60,usdjpy,155.662,0.000,0.000,2026.02.03 20:44:20,155.796,0.00,0.00,-7.06,-51.61,#400 230417_RandomWalk_YHH_unlimited
109698674,2026.02.02 18:00:00,buy,0.60,eurusd,1.17930,0.00000,0.00000,2026.02.03 20:44:20,1.18098,0.00,0.00,-4.62,100.80,#300 230417_RandomWalk_YHH_unlimited
109611036,2026.02.02 13:35:01,sell,0.60,usdjpy,154.736,0.000,0.000,2026.02.03 20:44:21,155.796,0.00,0.00,-7.06,-408.23,#400 230417_RandomWalk_YHH_unlimited
109611055,2026.02.02 13:35:07,buy,0.60,eurusd,1.18706,0.00000,0.00000,2026.02.03 20:44:21,1.18095,0.00,0.00,-4.62,-366.60,#300 230417_RandomWalk_YHH_unlimited
109648004,2026.02.02 16:00:00,buy,0.60,eurusd,1.18214,0.00000,0.00000,2026.02.03 20:44:21,1.18095,0.00,0.00,-4.62,-71.40,#300 230417_RandomWalk_YHH_unlimited
110137230,2026.02.03 20:49:16,sell,0.60,audusd,0.70046,0.00000,0.00000,2026.02.03 21:05:01,0.69945,0.00,0.00,0.00,60.60,#600 230417_RandomWalk_YHH_unlimited
110137226,2026.02.03 20:49:16,buy,0.60,audusd,0.70062,0.00000,0.00000,2026.02.03 22:35:00,0.70168,0.00,0.00,0.00,63.60,#600 230417_RandomWalk_YHH_unlimited
110137229,2026.02.03 20:49:16,buy,0.60,gbpusd,1.36812,0.00000,0.00000,2026.02.03 22:35:00,1.36920,0.00,0.00,0.00,64.80,#200 230417_RandomWalk_YHH_unlimited
110137225,2026.02.03 20:49:16,buy,0.60,eurusd,1.18143,0.00000,0.00000,2026.02.03 23:15:00,1.18244,0.00,0.00,0.00,60.60,#300 230417_RandomWalk_YHH_unlimited
110137227,2026.02.03 20:49:16,buy,0.60,usdchf,0.77514,0.00000,0.00000,2026.02.04 01:30:00,0.77589,0.00,0.00,3.32,58.00,#100 230417_RandomWalk_YHH_unlimited
110137223,2026.02.03 20:49:15,buy,0.60,usdjpy,155.719,0.000,0.000,2026.02.04 02:05:00,155.899,0.00,0.00,0.76,69.28,#400 230417_RandomWalk_YHH_unlimited
110182031,2026.02.04 02:05:00,buy,0.60,usdjpy,155.914,0.000,0.000,2026.02.04 03:10:00,156.118,0.00,0.00,0.00,78.40,#400 230417_RandomWalk_YHH_unlimited
110160690,2026.02.03 22:35:00,buy,0.60,gbpusd,1.36937,0.00000,0.00000,2026.02.04 03:20:01,1.37063,0.00,0.00,-1.71,75.60,#200 230417_RandomWalk_YHH_unlimited
110160689,2026.02.03 22:35:00,buy,0.60,audusd,0.70184,0.00000,0.00000,2026.02.04 03:25:00,0.70353,0.00,0.00,-0.78,101.40,#600 230417_RandomWalk_YHH_unlimited
110193134,2026.02.04 03:10:00,buy,0.60,usdjpy,156.134,0.000,0.000,2026.02.04 05:20:00,156.326,0.00,0.00,0.00,73.69,#400 230417_RandomWalk_YHH_unlimited
110195253,2026.02.04 03:20:01,buy,0.60,gbpusd,1.37080,0.00000,0.00000,2026.02.04 07:45:04,1.37183,0.00,0.00,0.00,61.80,#200 230417_RandomWalk_YHH_unlimited
110137232,2026.02.03 20:49:16,sell,0.60,usdcad,1.36476,0.00000,0.00000,2026.02.04 08:15:02,1.36318,0.00,0.00,-3.23,69.54,#500 230417_RandomWalk_YHH_unlimited
110212217,2026.02.04 05:20:00,buy,0.60,usdjpy,156.339,0.000,0.000,2026.02.04 11:35:00,156.505,0.00,0.00,0.00,63.64,#400 230417_RandomWalk_YHH_unlimited
110293951,2026.02.04 11:35:00,buy,0.60,usdjpy,156.520,0.000,0.000,2026.02.04 12:20:00,156.683,0.00,0.00,0.00,62.42,#400 230417_RandomWalk_YHH_unlimited
110178016,2026.02.04 01:30:00,buy,0.60,usdchf,0.77602,0.00000,0.00000,2026.02.04 12:35:00,0.77699,0.00,0.00,0.00,74.90,#100 230417_RandomWalk_YHH_unlimited
110137228,2026.02.03 20:49:16,buy,0.60,usdcad,1.36493,0.00000,0.00000,2026.02.04 12:50:01,1.36633,0.00,0.00,1.63,61.48,#500 230417_RandomWalk_YHH_unlimited
110297061,2026.02.04 12:00:01,sell,1.20,usdjpy,156.638,0.000,0.000,2026.02.04 16:00:00,156.481,0.00,0.00,0.00,120.40,#401 230417_RandomWalk_YHH_unlimited
110137233,2026.02.03 20:49:16,sell,0.60,gbpusd,1.36796,0.00000,0.00000,2026.02.04 17:05:00,1.36820,0.00,0.00,-1.63,-14.40,#200 230417_RandomWalk_YHH_unlimited
110201443,2026.02.04 04:00:00,sell,0.60,gbpusd,1.37060,0.00000,0.00000,2026.02.04 17:05:00,1.36820,0.00,0.00,0.00,144.00,#200 230417_RandomWalk_YHH_unlimited
110137234,2026.02.03 20:49:16,sell,0.60,eurusd,1.18128,0.00000,0.00000,2026.02.04 17:35:00,1.18003,0.00,0.00,0.91,75.00,#300 230417_RandomWalk_YHH_unlimited
110363315,2026.02.04 17:05:01,sell,0.60,gbpusd,1.36804,0.00000,0.00000,2026.02.04 17:35:00,1.36659,0.00,0.00,0.00,87.00,#200 230417_RandomWalk_YHH_unlimited
110166096,2026.02.03 23:00:00,sell,0.60,audusd,0.70203,0.00000,0.00000,2026.02.04 18:00:00,0.69990,0.00,0.00,-1.31,127.80,#600 230417_RandomWalk_YHH_unlimited
110141043,2026.02.03 21:05:02,sell,0.60,audusd,0.69930,0.00000,0.00000,2026.02.04 18:00:01,0.69988,0.00,0.00,-1.31,-34.80,#600 230417_RandomWalk_YHH_unlimited
110302475,2026.02.04 12:50:03,buy,0.60,usdcad,1.36644,0.00000,0.00000,2026.02.04 18:05:00,1.36782,0.00,0.00,0.00,60.53,#500 230417_RandomWalk_YHH_unlimited
110373254,2026.02.04 17:35:00,sell,0.60,gbpusd,1.36646,0.00000,0.00000,2026.02.04 18:15:00,1.36502,0.00,0.00,0.00,86.40,#200 230417_RandomWalk_YHH_unlimited
110383447,2026.02.04 18:00:01,sell,0.60,audusd,0.69971,0.00000,0.00000,2026.02.04 18:45:00,0.69853,0.00,0.00,0.00,70.80,#600 230417_RandomWalk_YHH_unlimited
110299335,2026.02.04 12:20:01,buy,0.60,usdjpy,156.697,0.000,0.000,2026.02.04 21:30:02,156.856,0.00,0.00,0.00,60.82,#400 230417_RandomWalk_YHH_unlimited
110388907,2026.02.04 18:15:01,sell,0.60,gbpusd,1.36486,0.00000,0.00000,2026.02.05 04:15:00,1.36355,0.00,0.00,-4.90,78.60,#200 230417_RandomWalk_YHH_unlimited
110399754,2026.02.04 18:45:00,sell,0.60,audusd,0.69841,0.00000,0.00000,2026.02.05 04:20:00,0.69721,0.00,0.00,-3.78,72.00,#600 230417_RandomWalk_YHH_unlimited
110373255,2026.02.04 17:35:00,sell,0.60,eurusd,1.17989,0.00000,0.00000,2026.02.05 04:55:06,1.17881,0.00,0.00,2.62,64.80,#300 230417_RandomWalk_YHH_unlimited
110484862,2026.02.05 04:15:01,sell,0.60,gbpusd,1.36338,0.00000,0.00000,2026.02.05 05:00:00,1.36220,0.00,0.00,0.00,70.80,#200 230417_RandomWalk_YHH_unlimited
110301048,2026.02.04 12:35:02,buy,0.60,usdchf,0.77714,0.00000,0.00000,2026.02.05 05:00:02,0.77784,0.00,0.00,9.95,54.00,#100 230417_RandomWalk_YHH_unlimited
110440617,2026.02.04 21:30:03,buy,0.60,usdjpy,156.869,0.000,0.000,2026.02.05 09:15:00,157.044,0.00,0.00,2.28,66.86,#400 230417_RandomWalk_YHH_unlimited
110497841,2026.02.05 05:00:00,sell,0.60,gbpusd,1.36203,0.00000,0.00000,2026.02.05 10:50:00,1.36057,0.00,0.00,0.00,87.60,#200 230417_RandomWalk_YHH_unlimited
110583580,2026.02.05 10:50:00,sell,0.60,gbpusd,1.36040,0.00000,0.00000,2026.02.05 11:05:01,1.35938,0.00,0.00,0.00,61.20,#200 230417_RandomWalk_YHH_unlimited
110385369,2026.02.04 18:05:00,buy,0.60,usdcad,1.36799,0.00000,0.00000,2026.02.05 11:10:00,1.36935,0.00,0.00,1.78,59.59,#500 230417_RandomWalk_YHH_unlimited
110587472,2026.02.05 11:05:01,sell,0.60,gbpusd,1.35923,0.00000,0.00000,2026.02.05 11:15:01,1.35801,0.00,0.00,0.00,73.20,#200 230417_RandomWalk_YHH_unlimited
110557014,2026.02.05 09:15:00,buy,0.60,usdjpy,157.067,0.000,0.000,2026.02.05 11:30:00,157.247,0.00,0.00,0.00,68.68,#400 230417_RandomWalk_YHH_unlimited
110590329,2026.02.05 11:15:01,sell,0.60,gbpusd,1.35785,0.00000,0.00000,2026.02.05 11:45:00,1.35596,0.00,0.00,0.00,113.40,#200 230417_RandomWalk_YHH_unlimited
110510031,2026.02.05 06:00:00,buy,1.20,gbpusd,1.36261,0.00000,0.00000,2026.02.05 13:30:00,1.36050,0.00,0.00,0.00,-253.20,#201 230417_RandomWalk_YHH_unlimited
110598695,2026.02.05 12:00:03,buy,1.20,gbpusd,1.35666,0.00000,0.00000,2026.02.05 13:30:00,1.36059,0.00,0.00,0.00,471.60,#201 230417_RandomWalk_YHH_unlimited
110608155,2026.02.05 13:00:00,sell,0.60,gbpusd,1.35868,0.00000,0.00000,2026.02.05 14:10:00,1.35672,0.00,0.00,0.00,117.60,#200 230417_RandomWalk_YHH_unlimited
110595977,2026.02.05 11:45:00,sell,0.60,gbpusd,1.35581,0.00000,0.00000,2026.02.05 14:10:01,1.35672,0.00,0.00,0.00,-54.60,#200 230417_RandomWalk_YHH_unlimited
110618485,2026.02.05 14:10:01,sell,0.60,gbpusd,1.35653,0.00000,0.00000,2026.02.05 14:20:00,1.35537,0.00,0.00,0.00,69.60,#200 230417_RandomWalk_YHH_unlimited
110137231,2026.02.03 20:49:16,sell,0.60,usdchf,0.77503,0.00000,0.00000,2026.02.05 14:50:01,0.77581,0.00,0.00,-32.40,-60.32,#100 230417_RandomWalk_YHH_unlimited
110497883,2026.02.05 05:00:03,sell,0.60,usdchf,0.77784,0.00000,0.00000,2026.02.05 14:50:01,0.77581,0.00,0.00,0.00,157.00,#100 230417_RandomWalk_YHH_unlimited
110631453,2026.02.05 14:50:02,sell,0.60,usdchf,0.77580,0.00000,0.00000,2026.02.05 15:40:00,0.77500,0.00,0.00,0.00,61.94,#100 230417_RandomWalk_YHH_unlimited
110337319,2026.02.04 16:00:00,sell,1.20,usdjpy,156.471,0.000,0.000,2026.02.05 15:45:00,156.642,0.00,0.00,-41.67,-131.00,#401 230417_RandomWalk_YHH_unlimited
110436683,2026.02.04 21:00:01,sell,1.20,usdjpy,156.770,0.000,0.000,2026.02.05 15:45:00,156.642,0.00,0.00,-41.67,98.06,#401 230417_RandomWalk_YHH_unlimited
110570147,2026.02.05 10:00:00,sell,1.20,usdjpy,157.117,0.000,0.000,2026.02.05 15:45:00,156.640,0.00,0.00,0.00,365.42,#401 230417_RandomWalk_YHH_unlimited
110383434,2026.02.04 18:00:00,buy,0.60,eurusd,1.17970,0.00000,0.00000,2026.02.05 16:15:00,1.18203,0.00,0.00,-13.73,139.80,#300 230417_RandomWalk_YHH_unlimited
110169186,2026.02.03 23:15:13,buy,0.60,eurusd,1.18258,0.00000,0.00000,2026.02.05 16:15:01,1.18201,0.00,0.00,-18.34,-34.20,#300 230417_RandomWalk_YHH_unlimited
110621243,2026.02.05 14:20:00,sell,0.60,gbpusd,1.35518,0.00000,0.00000,2026.02.05 16:50:00,1.35476,0.00,0.00,0.00,25.20,#200 230417_RandomWalk_YHH_unlimited
110633868,2026.02.05 15:00:00,sell,0.60,gbpusd,1.35803,0.00000,0.00000,2026.02.05 16:50:00,1.35473,0.00,0.00,0.00,198.00,#200 230417_RandomWalk_YHH_unlimited
110486538,2026.02.05 04:20:00,sell,0.60,audusd,0.69709,0.00000,0.00000,2026.02.05 17:15:00,0.69587,0.00,0.00,0.00,73.20,#600 230417_RandomWalk_YHH_unlimited
110667747,2026.02.05 16:50:01,sell,0.60,gbpusd,1.35464,0.00000,0.00000,2026.02.05 17:30:00,1.35358,0.00,0.00,0.00,63.60,#200 230417_RandomWalk_YHH_unlimited
110678877,2026.02.05 17:15:00,sell,0.60,audusd,0.69571,0.00000,0.00000,2026.02.05 17:35:00,0.69428,0.00,0.00,0.00,85.80,#600 230417_RandomWalk_YHH_unlimited
110497877,2026.02.05 05:00:03,buy,0.60,usdchf,0.77795,0.00000,0.00000,2026.02.05 17:55:00,0.77685,0.00,0.00,0.00,-84.96,#100 230417_RandomWalk_YHH_unlimited
110649643,2026.02.05 16:00:00,buy,0.60,usdchf,0.77483,0.00000,0.00000,2026.02.05 17:55:00,0.77685,0.00,0.00,0.00,156.01,#100 230417_RandomWalk_YHH_unlimited
110685252,2026.02.05 17:30:00,sell,0.60,gbpusd,1.35342,0.00000,0.00000,2026.02.05 17:55:00,1.35239,0.00,0.00,0.00,61.80,#200 230417_RandomWalk_YHH_unlimited
110588801,2026.02.05 11:10:01,buy,0.60,usdcad,1.36952,0.00000,0.00000,2026.02.05 18:05:00,1.36923,0.00,0.00,0.00,-12.71,#500 230417_RandomWalk_YHH_unlimited
110649644,2026.02.05 16:00:00,buy,0.60,usdcad,1.36691,0.00000,0.00000,2026.02.05 18:05:00,1.36922,0.00,0.00,0.00,101.23,#500 230417_RandomWalk_YHH_unlimited
110697425,2026.02.05 17:55:01,buy,0.60,usdchf,0.77692,0.00000,0.00000,2026.02.05 18:30:00,0.77785,0.00,0.00,0.00,71.74,#100 230417_RandomWalk_YHH_unlimited
110649657,2026.02.05 16:00:00,buy,0.60,usdjpy,156.609,0.000,0.000,2026.02.05 22:45:00,157.024,0.00,0.00,0.00,158.57,#400 230417_RandomWalk_YHH_unlimited
110687768,2026.02.05 17:35:00,sell,0.60,audusd,0.69411,0.00000,0.00000,2026.02.05 22:45:00,0.69497,0.00,0.00,0.00,-51.60,#600 230417_RandomWalk_YHH_unlimited
110726203,2026.02.05 19:00:00,sell,0.60,audusd,0.69726,0.00000,0.00000,2026.02.05 22:45:00,0.69495,0.00,0.00,0.00,138.60,#600 230417_RandomWalk_YHH_unlimited
110593880,2026.02.05 11:30:00,buy,0.60,usdjpy,157.262,0.000,0.000,2026.02.05 22:45:01,157.024,0.00,0.00,0.00,-90.94,#400 230417_RandomWalk_YHH_unlimited
110633844,2026.02.05 15:00:00,buy,0.60,usdjpy,156.954,0.000,0.000,2026.02.05 22:45:01,157.023,0.00,0.00,0.00,26.37,#400 230417_RandomWalk_YHH_unlimited
110783159,2026.02.05 22:45:01,sell,0.60,audusd,0.69482,0.00000,0.00000,2026.02.05 23:10:00,0.69380,0.00,0.00,0.00,61.20,#600 230417_RandomWalk_YHH_unlimited
110726207,2026.02.05 19:00:00,sell,0.60,gbpusd,1.35489,0.00000,0.00000,2026.02.05 23:35:49,1.35299,0.00,0.00,0.00,114.00,#200 230417_RandomWalk_YHH_unlimited
110697422,2026.02.05 17:55:00,sell,0.60,gbpusd,1.35230,0.00000,0.00000,2026.02.05 23:35:50,1.35299,0.00,0.00,0.00,-41.40,#200 230417_RandomWalk_YHH_unlimited
110496442,2026.02.05 04:55:06,sell,0.60,eurusd,1.17866,0.00000,0.00000,2026.02.05 23:40:00,1.17762,0.00,0.00,0.00,62.40,#300 230417_RandomWalk_YHH_unlimited
110702366,2026.02.05 18:05:01,buy,0.60,usdcad,1.36939,0.00000,0.00000,2026.02.05 23:50:04,1.37082,0.00,0.00,0.00,62.59,#500 230417_RandomWalk_YHH_unlimited
110788530,2026.02.05 23:10:00,sell,0.60,audusd,0.69364,0.00000,0.00000,2026.02.06 01:15:00,0.69254,0.00,0.00,-1.07,66.00,#600 230417_RandomWalk_YHH_unlimited
110799312,2026.02.06 01:15:00,sell,0.60,audusd,0.69238,0.00000,0.00000,2026.02.06 02:05:00,0.69108,0.00,0.00,0.00,78.00,#600 230417_RandomWalk_YHH_unlimited
110792261,2026.02.05 23:36:03,sell,0.60,gbpusd,1.35284,0.00000,0.00000,2026.02.06 02:10:01,1.35160,0.00,0.00,-1.66,74.40,#200 230417_RandomWalk_YHH_unlimited
110645778,2026.02.05 15:45:01,sell,1.20,usdjpy,156.622,0.000,0.000,2026.02.06 03:00:00,156.660,0.00,0.00,-13.95,-29.11,#401 230417_RandomWalk_YHH_unlimited
110671616,2026.02.05 17:00:00,sell,1.20,usdjpy,156.872,0.000,0.000,2026.02.06 03:00:00,156.659,0.00,0.00,-13.95,163.16,#401 230417_RandomWalk_YHH_unlimited
110824429,2026.02.06 03:00:01,sell,1.20,usdjpy,156.654,0.000,0.000,2026.02.06 03:30:00,156.569,0.00,0.00,0.00,65.15,#401 230417_RandomWalk_YHH_unlimited
110808755,2026.02.06 02:00:00,buy,1.20,audusd,0.69169,0.00000,0.00000,2026.02.06 03:45:00,0.69271,0.00,0.00,0.00,122.40,#601 230417_RandomWalk_YHH_unlimited
110835578,2026.02.06 03:45:00,buy,1.20,audusd,0.69290,0.00000,0.00000,2026.02.06 04:15:02,0.69411,0.00,0.00,0.00,145.20,#601 230417_RandomWalk_YHH_unlimited
110841742,2026.02.06 04:15:02,buy,1.20,audusd,0.69425,0.00000,0.00000,2026.02.06 07:30:00,0.69484,0.00,0.00,0.00,70.80,#601 230417_RandomWalk_YHH_unlimited
110869660,2026.02.06 07:30:00,buy,1.20,audusd,0.69499,0.00000,0.00000,2026.02.06 08:15:00,0.69606,0.00,0.00,0.00,128.40,#601 230417_RandomWalk_YHH_unlimited
110699866,2026.02.05 18:00:00,buy,1.20,gbpusd,1.35291,0.00000,0.00000,2026.02.06 08:15:05,1.35737,0.00,0.00,-3.35,535.20,#201 230417_RandomWalk_YHH_unlimited
110611792,2026.02.05 13:30:01,buy,1.20,gbpusd,1.36066,0.00000,0.00000,2026.02.06 08:15:06,1.35736,0.00,0.00,-3.35,-396.00,#201 230417_RandomWalk_YHH_unlimited
110783162,2026.02.05 22:45:01,buy,0.60,usdjpy,157.040,0.000,0.000,2026.02.06 11:00:00,156.982,0.00,0.00,0.79,-22.17,#400 230417_RandomWalk_YHH_unlimited
110838850,2026.02.06 04:00:00,buy,0.60,usdjpy,156.667,0.000,0.000,2026.02.06 11:00:00,156.982,0.00,0.00,0.00,120.40,#400 230417_RandomWalk_YHH_unlimited
110874467,2026.02.06 08:15:01,buy,1.20,audusd,0.69622,0.00000,0.00000,2026.02.06 11:30:00,0.69698,0.00,0.00,0.00,91.20,#601 230417_RandomWalk_YHH_unlimited
110874482,2026.02.06 08:15:06,buy,1.20,gbpusd,1.35752,0.00000,0.00000,2026.02.06 12:15:07,1.35803,0.00,0.00,0.00,61.20,#201 230417_RandomWalk_YHH_unlimited
110886614,2026.02.06 11:30:01,buy,1.20,audusd,0.69713,0.00000,0.00000,2026.02.06 13:15:02,0.69771,0.00,0.00,0.00,69.60,#601 230417_RandomWalk_YHH_unlimited
110888410,2026.02.06 12:15:09,buy,1.20,gbpusd,1.35822,0.00000,0.00000,2026.02.06 13:30:00,1.35886,0.00,0.00,0.00,76.80,#201 230417_RandomWalk_YHH_unlimited
110890514,2026.02.06 13:15:03,buy,1.20,audusd,0.69784,0.00000,0.00000,2026.02.06 13:45:00,0.69811,0.00,0.00,0.00,32.40,#601 230417_RandomWalk_YHH_unlimited
110196264,2026.02.04 03:25:00,buy,0.60,audusd,0.70366,0.00000,0.00000,2026.02.06 13:45:01,0.69811,0.00,0.00,-3.73,-333.00,#600 230417_RandomWalk_YHH_unlimited
110405925,2026.02.04 19:00:00,buy,0.60,audusd,0.69957,0.00000,0.00000,2026.02.06 13:45:01,0.69811,0.00,0.00,-3.73,-87.60,#600 230417_RandomWalk_YHH_unlimited
110497842,2026.02.05 05:00:00,buy,0.60,audusd,0.69617,0.00000,0.00000,2026.02.06 13:45:01,0.69811,0.00,0.00,-1.06,116.40,#600 230417_RandomWalk_YHH_unlimited
110808745,2026.02.06 02:00:00,buy,0.60,audusd,0.69166,0.00000,0.00000,2026.02.06 13:45:01,0.69811,0.00,0.00,0.00,387.00,#600 230417_RandomWalk_YHH_unlimited
110885198,2026.02.06 11:00:01,buy,0.60,usdjpy,156.996,0.000,0.000,2026.02.06 15:52:24,156.927,0.00,0.00,0.00,-26.38,#400 230417_RandomWalk_YHH_unlimited
110891196,2026.02.06 13:30:03,buy,1.20,gbpusd,1.35904,0.00000,0.00000,2026.02.06 15:52:24,1.35844,0.00,0.00,0.00,-72.00,#201 230417_RandomWalk_YHH_unlimited
110891673,2026.02.06 13:45:09,buy,0.60,audusd,0.69827,0.00000,0.00000,2026.02.06 15:52:24,0.69880,0.00,0.00,0.00,31.80,#600 230417_RandomWalk_YHH_unlimited
110881080,2026.02.06 10:00:00,sell,1.20,usdjpy,156.884,0.000,0.000,2026.02.06 15:52:25,156.941,0.00,0.00,0.00,-43.58,#401 230417_RandomWalk_YHH_unlimited
110885174,2026.02.06 11:00:00,buy,0.60,usdcad,1.36823,0.00000,0.00000,2026.02.06 15:52:25,1.36556,0.00,0.00,0.00,-117.31,#500 230417_RandomWalk_YHH_unlimited
110885180,2026.02.06 11:00:00,sell,0.60,audusd,0.69621,0.00000,0.00000,2026.02.06 15:52:25,0.69895,0.00,0.00,0.00,-164.40,#600 230417_RandomWalk_YHH_unlimited
110832944,2026.02.06 03:30:00,sell,1.20,usdjpy,156.555,0.000,0.000,2026.02.06 15:52:26,156.943,0.00,0.00,0.00,-296.67,#401 230417_RandomWalk_YHH_unlimited
110838849,2026.02.06 04:00:00,sell,0.60,gbpusd,1.35395,0.00000,0.00000,2026.02.06 15:52:26,1.35860,0.00,0.00,0.00,-279.00,#200 230417_RandomWalk_YHH_unlimited
110852319,2026.02.06 05:00:00,sell,0.60,audusd,0.69368,0.00000,0.00000,2026.02.06 15:52:26,0.69898,0.00,0.00,0.00,-318.00,#600 230417_RandomWalk_YHH_unlimited
110872947,2026.02.06 08:00:00,sell,0.60,gbpusd,1.35689,0.00000,0.00000,2026.02.06 15:52:26,1.35860,0.00,0.00,0.00,-102.60,#200 230417_RandomWalk_YHH_unlimited
110795375,2026.02.05 23:50:17,buy,0.60,usdcad,1.37095,0.00000,0.00000,2026.02.06 15:52:27,1.36554,0.00,0.00,5.12,-237.71,#500 230417_RandomWalk_YHH_unlimited
110809828,2026.02.06 02:05:00,sell,0.60,audusd,0.69093,0.00000,0.00000,2026.02.06 15:52:27,0.69900,0.00,0.00,0.00,-484.20,#600 230417_RandomWalk_YHH_unlimited
110811035,2026.02.06 02:10:01,sell,0.60,gbpusd,1.35141,0.00000,0.00000,2026.02.06 15:52:27,1.35861,0.00,0.00,0.00,-432.00,#200 230417_RandomWalk_YHH_unlimited
110713169,2026.02.05 18:30:00,buy,0.60,usdchf,0.77791,0.00000,0.00000,2026.02.06 15:52:28,0.77702,0.00,0.00,3.28,-68.72,#100 230417_RandomWalk_YHH_unlimited
110773944,2026.02.05 22:00:01,sell,0.60,usdchf,0.77740,0.00000,0.00000,2026.02.06 15:52:28,0.77713,0.00,0.00,-8.05,20.85,#100 230417_RandomWalk_YHH_unlimited
110793280,2026.02.05 23:40:00,sell,0.60,eurusd,1.17748,0.00000,0.00000,2026.02.06 15:52:28,1.18093,0.00,0.00,0.84,-207.00,#300 230417_RandomWalk_YHH_unlimited
110654590,2026.02.05 16:15:01,buy,0.60,eurusd,1.18217,0.00000,0.00000,2026.02.06 15:52:29,1.18080,0.00,0.00,-4.55,-82.20,#300 230417_RandomWalk_YHH_unlimited
110671615,2026.02.05 17:00:00,buy,0.60,gbpusd,1.35393,0.00000,0.00000,2026.02.06 15:52:29,1.35844,0.00,0.00,-1.67,270.60,#200 230417_RandomWalk_YHH_unlimited
110699876,2026.02.05 18:00:00,buy,0.60,eurusd,1.17920,0.00000,0.00000,2026.02.06 15:52:29,1.18080,0.00,0.00,-4.55,96.00,#300 230417_RandomWalk_YHH_unlimited
110510025,2026.02.05 06:00:00,buy,0.60,gbpusd,1.36258,0.00000,0.00000,2026.02.06 15:52:30,1.35843,0.00,0.00,-1.67,-249.00,#200 230417_RandomWalk_YHH_unlimited
110598649,2026.02.05 12:00:00,buy,0.60,gbpusd,1.35667,0.00000,0.00000,2026.02.06 15:52:30,1.35843,0.00,0.00,-1.67,105.60,#200 230417_RandomWalk_YHH_unlimited
110598650,2026.02.05 12:00:00,sell,0.60,usdjpy,157.309,0.000,0.000,2026.02.06 15:52:30,156.927,0.00,0.00,-6.98,146.06,#400 230417_RandomWalk_YHH_unlimited
110644422,2026.02.05 15:40:01,sell,0.60,usdchf,0.77488,0.00000,0.00000,2026.02.06 15:52:30,0.77712,0.00,0.00,-8.05,-172.95,#100 230417_RandomWalk_YHH_unlimited
110405940,2026.02.04 19:00:00,buy,0.60,gbpusd,1.36582,0.00000,0.00000,2026.02.06 15:52:31,1.35843,0.00,0.00,-6.79,-443.40,#200 230417_RandomWalk_YHH_unlimited
110449018,2026.02.04 23:00:00,sell,0.60,usdjpy,156.924,0.000,0.000,2026.02.06 15:52:31,156.927,0.00,0.00,-27.81,-1.15,#400 230417_RandomWalk_YHH_unlimited
110497846,2026.02.05 05:00:00,sell,0.60,usdcad,1.36906,0.00000,0.00000,2026.02.06 15:52:31,1.36572,0.00,0.00,-9.88,146.74,#500 230417_RandomWalk_YHH_unlimited
110297051,2026.02.04 12:00:00,sell,0.60,usdjpy,156.637,0.000,0.000,2026.02.06 15:52:32,156.925,0.00,0.00,-27.81,-110.12,#400 230417_RandomWalk_YHH_unlimited
110303701,2026.02.04 13:00:00,sell,0.60,usdcad,1.36624,0.00000,0.00000,2026.02.06 15:52:32,1.36576,0.00,0.00,-13.02,21.09,#500 230417_RandomWalk_YHH_unlimited
110361126,2026.02.04 17:00:00,buy,0.60,gbpusd,1.36881,0.00000,0.00000,2026.02.06 15:52:32,1.35843,0.00,0.00,-6.79,-622.80,#200 230417_RandomWalk_YHH_unlimited
110190621,2026.02.04 03:00:00,sell,0.60,usdjpy,156.024,0.000,0.000,2026.02.06 15:52:33,156.925,0.00,0.00,-27.81,-344.50,#400 230417_RandomWalk_YHH_unlimited
110216132,2026.02.04 06:00:00,sell,0.60,usdjpy,156.312,0.000,0.000,2026.02.06 15:52:33,156.925,0.00,0.00,-27.81,-234.38,#400 230417_RandomWalk_YHH_unlimited
110238076,2026.02.04 07:45:05,buy,0.60,gbpusd,1.37200,0.00000,0.00000,2026.02.06 15:52:33,1.35843,0.00,0.00,-6.79,-814.20,#200 230417_RandomWalk_YHH_unlimited
110246990,2026.02.04 08:15:02,sell,0.60,usdcad,1.36299,0.00000,0.00000,2026.02.06 15:52:33,1.36576,0.00,0.00,-13.02,-121.69,#500 230417_RandomWalk_YHH_unlimited
110137224,2026.02.03 20:49:16,sell,0.60,usdjpy,155.704,0.000,0.000,2026.02.06 15:52:34,156.925,0.00,0.00,-34.81,-466.85,#400 230417_RandomWalk_YHH_unlimited
110900736,2026.02.06 15:57:27,buy,0.60,gbpusd,1.35847,0.00000,0.00000,2026.02.06 16:35:00,1.35993,0.00,0.00,0.00,87.60,#200 230417_RandomWalk_YHH_unlimited
110900739,2026.02.06 15:57:28,buy,0.60,audusd,0.69919,0.00000,0.00000,2026.02.06 16:35:00,0.70039,0.00,0.00,0.00,72.00,#600 230417_RandomWalk_YHH_unlimited
110900742,2026.02.06 15:57:28,sell,0.60,usdcad,1.36555,0.00000,0.00000,2026.02.06 16:40:02,1.36346,0.00,0.00,0.00,91.97,#500 230417_RandomWalk_YHH_unlimited
110900743,2026.02.06 15:57:29,buy,0.60,eurusd,1.18085,0.00000,0.00000,2026.02.06 16:40:02,1.18216,0.00,0.00,0.00,78.60,#300 230417_RandomWalk_YHH_unlimited
110900746,2026.02.06 15:57:30,sell,0.60,usdchf,0.77710,0.00000,0.00000,2026.02.06 16:40:02,0.77593,0.00,0.00,0.00,90.47,#100 230417_RandomWalk_YHH_unlimited
110903370,2026.02.06 16:35:00,buy,0.60,gbpusd,1.36007,0.00000,0.00000,2026.02.06 18:00:00,1.36135,0.00,0.00,0.00,76.80,#200 230417_RandomWalk_YHH_unlimited
110903371,2026.02.06 16:35:00,buy,0.60,audusd,0.70053,0.00000,0.00000,2026.02.06 18:40:00,0.70162,0.00,0.00,0.00,65.40,#600 230417_RandomWalk_YHH_unlimited
110900734,2026.02.06 15:57:25,buy,0.60,usdjpy,156.950,0.000,0.000,2026.02.06 19:10:01,157.109,0.00,0.00,0.00,60.72,#400 230417_RandomWalk_YHH_unlimited
110905213,2026.02.06 17:00:00,buy,0.60,usdcad,1.36315,0.00000,0.00000,2026.02.06 21:10:01,1.36516,0.00,0.00,0.00,88.34,#500 230417_RandomWalk_YHH_unlimited
110900740,2026.02.06 15:57:28,buy,0.60,usdcad,1.36572,0.00000,0.00000,2026.02.06 21:10:02,1.36516,0.00,0.00,0.00,-24.61,#500 230417_RandomWalk_YHH_unlimited
110913635,2026.02.06 19:10:01,buy,0.60,usdjpy,157.123,0.000,0.000,2026.02.09 00:01:13,157.557,0.00,0.00,2.03,165.27,#400 230417_RandomWalk_YHH_unlimited
110916824,2026.02.06 21:10:02,buy,0.60,usdcad,1.36533,0.00000,0.00000,2026.02.09 00:01:19,1.36673,0.00,0.00,1.76,61.46,#500 230417_RandomWalk_YHH_unlimited
110925213,2026.02.09 00:20:27,buy,0.60,usdjpy,157.154,0.000,0.000,2026.02.09 00:35:00,157.330,0.00,0.00,0.00,67.12,#400 230417_RandomWalk_YHH_unlimited
110925237,2026.02.09 00:37:40,buy,0.60,usdjpy,157.374,0.000,0.000,2026.02.09 01:10:00,157.609,0.00,0.00,0.00,89.46,#400 230417_RandomWalk_YHH_unlimited
110905198,2026.02.06 17:00:00,sell,0.60,gbpusd,1.36082,0.00000,0.00000,2026.02.09 01:25:00,1.35885,0.00,0.00,-1.65,118.20,#200 230417_RandomWalk_YHH_unlimited
110900737,2026.02.06 15:57:27,sell,0.60,gbpusd,1.35829,0.00000,0.00000,2026.02.09 01:25:01,1.35885,0.00,0.00,-1.65,-33.60,#200 230417_RandomWalk_YHH_unlimited
110912320,2026.02.06 18:40:01,buy,0.60,audusd,0.70180,0.00000,0.00000,2026.02.09 01:40:01,0.70281,0.00,0.00,-1.02,60.60,#600 230417_RandomWalk_YHH_unlimited
110900735,2026.02.06 15:57:26,sell,0.60,usdjpy,156.935,0.000,0.000,2026.02.09 03:15:00,156.738,0.00,0.00,-14.48,75.41,#400 230417_RandomWalk_YHH_unlimited
110945903,2026.02.09 03:15:01,sell,0.60,usdjpy,156.721,0.000,0.000,2026.02.09 03:30:00,156.552,0.00,0.00,0.00,64.77,#400 230417_RandomWalk_YHH_unlimited
